10/11/2022 17:00;499.779
10/11/2022 17:00;499.853
10/11/2022 17:00;499.842
10/11/2022 17:01;499.832
10/11/2022 17:01;49.987
10/11/2022 17:01;499.915
10/11/2022 17:01;499.907
10/11/2022 17:01;499.904
10/11/2022 17:01;499.904
10/11/2022 17:01;499.924
10/11/2022 17:01;499.954
10/11/2022 17:01;499.972
10/11/2022 17:01;499.987
10/11/2022 17:01;500.009
10/11/2022 17:01;500.047
10/11/2022 17:01;500.089
10/11/2022 17:01;500.122
10/11/2022 17:01;500.138
10/11/2022 17:01;500.119
10/11/2022 17:01;500.096
10/11/2022 17:01;500.081
10/11/2022 17:01;500.105
10/11/2022 17:01;500.153
10/11/2022 17:01;500.197
10/11/2022 17:01;50.022
10/11/2022 17:01;500.225
10/11/2022 17:01;500.241
10/11/2022 17:01;500.228
10/11/2022 17:01;500.215
10/11/2022 17:01;500.203
10/11/2022 17:01;500.203
10/11/2022 17:01;500.209
10/11/2022 17:01;50.022
10/11/2022 17:01;500.265
10/11/2022 17:01;500.303
10/11/2022 17:01;500.332
10/11/2022 17:01;500.369
10/11/2022 17:01;50.039
10/11/2022 17:01;500.376
10/11/2022 17:01;500.371
10/11/2022 17:01;500.345
10/11/2022 17:01;500.315
10/11/2022 17:01;500.285
10/11/2022 17:01;500.273
10/11/2022 17:01;500.274
10/11/2022 17:01;500.274
10/11/2022 17:01;500.265
10/11/2022 17:01;500.282
10/11/2022 17:01;500.311
10/11/2022 17:01;500.332
10/11/2022 17:01;500.343
10/11/2022 17:01;50.037
10/11/2022 17:01;500.356
10/11/2022 17:01;500.336
10/11/2022 17:01;500.317
10/11/2022 17:01;500.312
10/11/2022 17:01;500.307
10/11/2022 17:01;500.318
10/11/2022 17:01;500.314
10/11/2022 17:01;500.324
10/11/2022 17:01;500.339
10/11/2022 17:01;500.409
10/11/2022 17:01;500.429
10/11/2022 17:02;500.459
10/11/2022 17:02;500.476
10/11/2022 17:02;500.458
10/11/2022 17:02;500.439
10/11/2022 17:02;500.425
10/11/2022 17:02;500.408
10/11/2022 17:02;500.417
10/11/2022 17:02;50.043
10/11/2022 17:02;500.492
10/11/2022 17:02;500.553
10/11/2022 17:02;500.585
10/11/2022 17:02;500.582
10/11/2022 17:02;500.576
10/11/2022 17:02;500.567
10/11/2022 17:02;500.599
10/11/2022 17:02;500.639
10/11/2022 17:02;500.651
10/11/2022 17:02;500.634
10/11/2022 17:02;50.06
10/11/2022 17:02;500.577
10/11/2022 17:02;500.564
10/11/2022 17:02;500.558
10/11/2022 17:02;50.054
10/11/2022 17:02;500.576
10/11/2022 17:02;500.597
10/11/2022 17:02;500.629
10/11/2022 17:02;500.632
10/11/2022 17:02;50.06
10/11/2022 17:02;500.586
10/11/2022 17:02;500.561
10/11/2022 17:02;500.541
10/11/2022 17:02;500.505
10/11/2022 17:02;500.471
10/11/2022 17:02;500.454
10/11/2022 17:02;500.502
10/11/2022 17:02;500.534
10/11/2022 17:02;500.568
10/11/2022 17:02;50.055
10/11/2022 17:02;500.533
10/11/2022 17:02;500.517
10/11/2022 17:02;500.511
10/11/2022 17:02;50.048
10/11/2022 17:02;500.445
10/11/2022 17:02;500.414
10/11/2022 17:02;500.385
10/11/2022 17:02;500.406
10/11/2022 17:02;500.436
10/11/2022 17:02;50.046
10/11/2022 17:02;500.485
10/11/2022 17:02;500.479
10/11/2022 17:02;500.458
10/11/2022 17:02;500.456
10/11/2022 17:02;500.438
10/11/2022 17:02;500.433
10/11/2022 17:02;500.415
10/11/2022 17:02;500.395
10/11/2022 17:02;500.383
10/11/2022 17:02;500.379
10/11/2022 17:02;500.417
10/11/2022 17:02;500.454
10/11/2022 17:03;500.493
10/11/2022 17:03;500.474
10/11/2022 17:03;500.475
10/11/2022 17:03;500.462
10/11/2022 17:03;500.457
10/11/2022 17:03;500.444
10/11/2022 17:03;50.043
10/11/2022 17:03;50.043
10/11/2022 17:03;500.429
10/11/2022 17:03;500.435
10/11/2022 17:03;500.481
10/11/2022 17:03;500.502
10/11/2022 17:03;500.493
10/11/2022 17:03;500.489
10/11/2022 17:03;50.049
10/11/2022 17:03;500.486
10/11/2022 17:03;500.539
10/11/2022 17:03;50.053
10/11/2022 17:03;500.522
10/11/2022 17:03;500.529
10/11/2022 17:03;50.054
10/11/2022 17:03;500.526
10/11/2022 17:03;500.522
10/11/2022 17:03;500.519
10/11/2022 17:03;500.502
10/11/2022 17:03;500.523
10/11/2022 17:03;500.538
10/11/2022 17:03;500.511
10/11/2022 17:03;500.486
10/11/2022 17:03;50.048
10/11/2022 17:03;500.518
10/11/2022 17:03;500.499
10/11/2022 17:03;500.491
10/11/2022 17:03;50.047
10/11/2022 17:03;500.471
10/11/2022 17:03;500.461
10/11/2022 17:03;500.489
10/11/2022 17:03;500.504
10/11/2022 17:03;500.482
10/11/2022 17:03;500.471
10/11/2022 17:03;500.476
10/11/2022 17:03;500.498
10/11/2022 17:03;500.486
10/11/2022 17:03;500.481
10/11/2022 17:03;50.048
10/11/2022 17:03;500.464
10/11/2022 17:03;500.487
10/11/2022 17:03;500.519
10/11/2022 17:03;500.515
10/11/2022 17:03;500.491
10/11/2022 17:03;500.474
10/11/2022 17:03;500.474
10/11/2022 17:03;500.486
10/11/2022 17:03;500.495
10/11/2022 17:03;500.456
10/11/2022 17:03;500.427
10/11/2022 17:03;500.408
10/11/2022 17:03;500.417
10/11/2022 17:03;500.504
10/11/2022 17:03;500.516
10/11/2022 17:04;500.503
10/11/2022 17:04;500.487
10/11/2022 17:04;500.493
10/11/2022 17:04;500.474
10/11/2022 17:04;50.047
10/11/2022 17:04;500.455
10/11/2022 17:04;500.448
10/11/2022 17:04;500.456
10/11/2022 17:04;500.516
10/11/2022 17:04;50.054
10/11/2022 17:04;500.567
10/11/2022 17:04;500.556
10/11/2022 17:04;500.537
10/11/2022 17:04;500.524
10/11/2022 17:04;500.504
10/11/2022 17:04;500.478
10/11/2022 17:04;500.448
10/11/2022 17:04;500.446
10/11/2022 17:04;500.535
10/11/2022 17:04;500.622
10/11/2022 17:04;500.597
10/11/2022 17:04;500.559
10/11/2022 17:04;500.527
10/11/2022 17:04;500.501
10/11/2022 17:04;500.496
10/11/2022 17:04;500.483
10/11/2022 17:04;500.514
10/11/2022 17:04;500.543
10/11/2022 17:04;500.566
10/11/2022 17:04;500.577
10/11/2022 17:04;500.559
10/11/2022 17:04;50.054
10/11/2022 17:04;500.521
10/11/2022 17:04;500.505
10/11/2022 17:04;500.485
10/11/2022 17:04;500.469
10/11/2022 17:04;500.435
10/11/2022 17:04;500.409
10/11/2022 17:04;500.405
10/11/2022 17:04;500.468
10/11/2022 17:04;500.518
10/11/2022 17:04;500.482
10/11/2022 17:04;500.449
10/11/2022 17:04;500.417
10/11/2022 17:04;500.398
10/11/2022 17:04;500.388
10/11/2022 17:04;50.038
10/11/2022 17:04;500.364
10/11/2022 17:04;500.363
10/11/2022 17:04;500.345
10/11/2022 17:04;500.338
10/11/2022 17:04;500.349
10/11/2022 17:04;500.369
10/11/2022 17:04;500.385
10/11/2022 17:04;500.399
10/11/2022 17:04;500.432
10/11/2022 17:04;500.434
10/11/2022 17:04;500.417
10/11/2022 17:04;500.417
10/11/2022 17:04;500.387
10/11/2022 17:05;500.362
10/11/2022 17:05;500.343
10/11/2022 17:05;500.333
10/11/2022 17:05;500.333
10/11/2022 17:05;500.375
10/11/2022 17:05;500.411
10/11/2022 17:05;500.438
10/11/2022 17:05;500.474
10/11/2022 17:05;500.462
10/11/2022 17:05;500.441
10/11/2022 17:05;500.437
10/11/2022 17:05;500.422
10/11/2022 17:05;50.041
10/11/2022 17:05;500.386
10/11/2022 17:05;500.363
10/11/2022 17:05;500.346
10/11/2022 17:05;500.364
10/11/2022 17:05;500.383
10/11/2022 17:05;50.04
10/11/2022 17:05;50.04
10/11/2022 17:05;500.409
10/11/2022 17:05;500.423
10/11/2022 17:05;500.408
10/11/2022 17:05;500.402
10/11/2022 17:05;500.393
10/11/2022 17:05;500.386
10/11/2022 17:05;500.381
10/11/2022 17:05;500.375
10/11/2022 17:05;50.039
10/11/2022 17:05;500.407
10/11/2022 17:05;500.421
10/11/2022 17:05;500.462
10/11/2022 17:05;500.444
10/11/2022 17:05;500.411
10/11/2022 17:05;500.384
10/11/2022 17:05;50.036
10/11/2022 17:05;500.345
10/11/2022 17:05;500.334
10/11/2022 17:05;500.333
10/11/2022 17:05;50.032
10/11/2022 17:05;500.318
10/11/2022 17:05;500.311
10/11/2022 17:05;500.301
10/11/2022 17:05;500.322
10/11/2022 17:05;500.361
10/11/2022 17:05;500.384
10/11/2022 17:05;50.037
10/11/2022 17:05;500.357
10/11/2022 17:05;50.034
10/11/2022 17:05;500.357
10/11/2022 17:05;500.363
10/11/2022 17:05;500.355
10/11/2022 17:05;500.356
10/11/2022 17:05;500.358
10/11/2022 17:05;500.363
10/11/2022 17:05;500.189
10/11/2022 17:05;50.019
10/11/2022 17:06;500.189
10/11/2022 17:06;50.019
10/11/2022 17:06;500.228
10/11/2022 17:06;500.264
10/11/2022 17:06;500.273
10/11/2022 17:06;500.263
10/11/2022 17:06;500.274
10/11/2022 17:06;500.276
10/11/2022 17:06;500.284
10/11/2022 17:06;500.287
10/11/2022 17:06;500.297
10/11/2022 17:06;500.348
10/11/2022 17:06;50.037
10/11/2022 17:06;500.363
10/11/2022 17:06;500.358
10/11/2022 17:06;500.386
10/11/2022 17:06;500.402
10/11/2022 17:06;500.398
10/11/2022 17:06;500.396
10/11/2022 17:06;500.391
10/11/2022 17:06;500.387
10/11/2022 17:06;50.038
10/11/2022 17:06;50.041
10/11/2022 17:06;500.443
10/11/2022 17:06;500.475
10/11/2022 17:06;500.504
10/11/2022 17:06;500.488
10/11/2022 17:06;50.045
10/11/2022 17:06;500.418
10/11/2022 17:06;500.392
10/11/2022 17:06;500.382
10/11/2022 17:06;500.377
10/11/2022 17:06;500.374
10/11/2022 17:06;500.374
10/11/2022 17:06;500.406
10/11/2022 17:06;500.433
10/11/2022 17:06;500.461
10/11/2022 17:06;500.486
10/11/2022 17:06;50.048
10/11/2022 17:06;500.449
10/11/2022 17:06;500.432
10/11/2022 17:06;500.414
10/11/2022 17:06;500.393
10/11/2022 17:06;500.382
10/11/2022 17:06;500.364
10/11/2022 17:06;500.332
10/11/2022 17:06;500.367
10/11/2022 17:06;500.449
10/11/2022 17:06;500.448
10/11/2022 17:06;500.438
10/11/2022 17:06;50.042
10/11/2022 17:06;500.433
10/11/2022 17:06;50.042
10/11/2022 17:06;500.426
10/11/2022 17:06;500.426
10/11/2022 17:06;500.423
10/11/2022 17:06;500.444
10/11/2022 17:06;500.487
10/11/2022 17:06;500.512
10/11/2022 17:06;500.499
10/11/2022 17:07;50.048
10/11/2022 17:07;500.464
10/11/2022 17:07;500.444
10/11/2022 17:07;500.438
10/11/2022 17:07;500.431
10/11/2022 17:07;500.425
10/11/2022 17:07;500.416
10/11/2022 17:07;500.418
10/11/2022 17:07;500.445
10/11/2022 17:07;500.469
10/11/2022 17:07;500.499
10/11/2022 17:07;500.515
10/11/2022 17:07;500.496
10/11/2022 17:07;500.472
10/11/2022 17:07;500.442
10/11/2022 17:07;500.409
10/11/2022 17:07;500.378
10/11/2022 17:07;50.036
10/11/2022 17:07;500.359
10/11/2022 17:07;500.349
10/11/2022 17:07;500.351
10/11/2022 17:07;500.372
10/11/2022 17:07;500.389
10/11/2022 17:07;500.397
10/11/2022 17:07;500.415
10/11/2022 17:07;50.042
10/11/2022 17:07;500.412
10/11/2022 17:07;500.376
10/11/2022 17:07;500.334
10/11/2022 17:07;500.293
10/11/2022 17:07;500.275
10/11/2022 17:07;500.263
10/11/2022 17:07;500.248
10/11/2022 17:07;50.024
10/11/2022 17:07;500.239
10/11/2022 17:07;500.234
10/11/2022 17:07;500.222
10/11/2022 17:07;500.216
10/11/2022 17:07;500.221
10/11/2022 17:07;500.217
10/11/2022 17:07;500.216
10/11/2022 17:07;500.239
10/11/2022 17:07;500.268
10/11/2022 17:07;500.276
10/11/2022 17:07;500.252
10/11/2022 17:07;500.231
10/11/2022 17:07;500.204
10/11/2022 17:07;500.207
10/11/2022 17:07;500.224
10/11/2022 17:07;500.247
10/11/2022 17:07;500.268
10/11/2022 17:07;500.273
10/11/2022 17:07;500.265
10/11/2022 17:07;500.252
10/11/2022 17:07;500.224
10/11/2022 17:07;500.196
10/11/2022 17:07;50.017
10/11/2022 17:07;500.162
10/11/2022 17:07;500.163
10/11/2022 17:07;50.017
10/11/2022 17:08;500.168
10/11/2022 17:08;50.016
10/11/2022 17:08;500.151
10/11/2022 17:08;500.155
10/11/2022 17:08;500.155
10/11/2022 17:08;500.147
10/11/2022 17:08;500.141
10/11/2022 17:08;500.132
10/11/2022 17:08;500.109
10/11/2022 17:08;500.074
10/11/2022 17:08;500.044
10/11/2022 17:08;500.042
10/11/2022 17:08;500.041
10/11/2022 17:08;500.039
10/11/2022 17:08;500.032
10/11/2022 17:08;500.026
10/11/2022 17:08;50.002
10/11/2022 17:08;500.015
10/11/2022 17:08;50.001
10/11/2022 17:08;500.005
10/11/2022 17:08;500.002
10/11/2022 17:08;500.003
10/11/2022 17:08;500.005
10/11/2022 17:08;50.0
10/11/2022 17:08;499.975
10/11/2022 17:08;499.952
10/11/2022 17:08;499.943
10/11/2022 17:08;49.995
10/11/2022 17:08;499.957
10/11/2022 17:08;499.965
10/11/2022 17:08;49.997
10/11/2022 17:08;499.974
10/11/2022 17:08;499.982
10/11/2022 17:08;499.989
10/11/2022 17:08;499.995
10/11/2022 17:08;499.999
10/11/2022 17:08;500.012
10/11/2022 17:08;500.024
10/11/2022 17:08;500.032
10/11/2022 17:08;500.035
10/11/2022 17:08;500.031
10/11/2022 17:08;500.022
10/11/2022 17:08;500.014
10/11/2022 17:08;500.006
10/11/2022 17:08;500.008
10/11/2022 17:08;500.016
10/11/2022 17:08;500.019
10/11/2022 17:08;500.021
10/11/2022 17:08;500.024
10/11/2022 17:08;500.037
10/11/2022 17:08;50.005
10/11/2022 17:08;500.053
10/11/2022 17:08;500.032
10/11/2022 17:08;500.012
10/11/2022 17:08;499.999
10/11/2022 17:08;499.999
10/11/2022 17:08;500.006
10/11/2022 17:08;500.015
10/11/2022 17:08;500.027
10/11/2022 17:08;500.035
10/11/2022 17:09;500.035
10/11/2022 17:09;500.041
10/11/2022 17:09;500.042
10/11/2022 17:09;500.047
10/11/2022 17:09;50.005
10/11/2022 17:09;500.054
10/11/2022 17:09;500.064
10/11/2022 17:09;500.074
10/11/2022 17:09;500.089
10/11/2022 17:09;500.096
10/11/2022 17:09;500.102
10/11/2022 17:09;500.106
10/11/2022 17:09;500.106
10/11/2022 17:09;500.103
10/11/2022 17:09;500.054
10/11/2022 17:09;500.019
10/11/2022 17:09;49.999
10/11/2022 17:09;499.991
10/11/2022 17:09;500.002
10/11/2022 17:09;500.018
10/11/2022 17:09;500.037
10/11/2022 17:09;500.049
10/11/2022 17:09;500.066
10/11/2022 17:09;500.073
10/11/2022 17:09;500.078
10/11/2022 17:09;500.082
10/11/2022 17:09;500.053
10/11/2022 17:09;500.017
10/11/2022 17:09;499.988
10/11/2022 17:09;499.969
10/11/2022 17:09;499.987
10/11/2022 17:09;500.009
10/11/2022 17:09;50.003
10/11/2022 17:09;500.048
10/11/2022 17:09;500.047
10/11/2022 17:09;50.005
10/11/2022 17:09;500.048
10/11/2022 17:09;500.051
10/11/2022 17:09;500.045
10/11/2022 17:09;500.008
10/11/2022 17:09;499.973
10/11/2022 17:09;499.951
10/11/2022 17:09;499.971
10/11/2022 17:09;499.999
10/11/2022 17:09;50.002
10/11/2022 17:09;500.039
10/11/2022 17:09;500.043
10/11/2022 17:09;500.045
10/11/2022 17:09;500.045
10/11/2022 17:09;500.044
10/11/2022 17:09;50.005
10/11/2022 17:09;500.051
10/11/2022 17:09;50.006
10/11/2022 17:09;500.052
10/11/2022 17:09;500.044
10/11/2022 17:09;500.036
10/11/2022 17:09;50.003
10/11/2022 17:09;500.028
10/11/2022 17:09;500.027
10/11/2022 17:09;500.034
10/11/2022 17:10;500.033
10/11/2022 17:10;499.991
10/11/2022 17:10;499.956
10/11/2022 17:10;499.945
10/11/2022 17:10;499.991
10/11/2022 17:10;500.032
10/11/2022 17:10;500.018
10/11/2022 17:10;49.999
10/11/2022 17:10;499.968
10/11/2022 17:10;499.987
10/11/2022 17:10;50.005
10/11/2022 17:10;500.055
10/11/2022 17:10;500.013
10/11/2022 17:10;499.982
10/11/2022 17:10;499.971
10/11/2022 17:10;499.982
10/11/2022 17:10;499.989
10/11/2022 17:10;499.992
10/11/2022 17:10;499.996
10/11/2022 17:10;499.999
10/11/2022 17:10;499.994
10/11/2022 17:10;499.994
10/11/2022 17:10;499.988
10/11/2022 17:10;499.983
10/11/2022 17:10;49.998
10/11/2022 17:10;499.976
10/11/2022 17:10;499.976
10/11/2022 17:10;499.959
10/11/2022 17:10;499.907
10/11/2022 17:10;499.873
10/11/2022 17:10;499.863
10/11/2022 17:10;499.864
10/11/2022 17:10;499.871
10/11/2022 17:10;499.884
10/11/2022 17:10;499.893
10/11/2022 17:10;499.899
10/11/2022 17:10;499.903
10/11/2022 17:10;499.909
10/11/2022 17:10;499.918
10/11/2022 17:10;49.993
10/11/2022 17:10;499.916
10/11/2022 17:10;499.909
10/11/2022 17:10;499.905
10/11/2022 17:10;499.905
10/11/2022 17:10;49.992
10/11/2022 17:10;499.931
10/11/2022 17:10;499.934
10/11/2022 17:10;499.943
10/11/2022 17:10;499.951
10/11/2022 17:10;499.962
10/11/2022 17:10;49.997
10/11/2022 17:10;499.976
10/11/2022 17:10;499.982
10/11/2022 17:10;499.985
10/11/2022 17:10;499.974
10/11/2022 17:10;49.995
10/11/2022 17:10;499.996
10/11/2022 17:10;499.998
10/11/2022 17:11;499.998
10/11/2022 17:11;499.988
10/11/2022 17:11;499.976
10/11/2022 17:11;499.949
10/11/2022 17:11;499.901
10/11/2022 17:11;499.852
10/11/2022 17:11;499.805
10/11/2022 17:11;499.796
10/11/2022 17:11;499.802
10/11/2022 17:11;499.812
10/11/2022 17:11;499.822
10/11/2022 17:11;499.836
10/11/2022 17:11;499.846
10/11/2022 17:11;499.855
10/11/2022 17:11;499.858
10/11/2022 17:11;499.867
10/11/2022 17:11;499.877
10/11/2022 17:11;499.886
10/11/2022 17:11;49.988
10/11/2022 17:11;499.873
10/11/2022 17:11;499.854
10/11/2022 17:11;499.851
10/11/2022 17:11;499.862
10/11/2022 17:11;499.866
10/11/2022 17:11;499.873
10/11/2022 17:11;499.896
10/11/2022 17:11;499.917
10/11/2022 17:11;499.903
10/11/2022 17:11;499.859
10/11/2022 17:11;499.847
10/11/2022 17:11;499.845
10/11/2022 17:11;499.846
10/11/2022 17:11;499.843
10/11/2022 17:11;499.841
10/11/2022 17:11;49.984
10/11/2022 17:11;499.842
10/11/2022 17:11;499.844
10/11/2022 17:11;499.858
10/11/2022 17:11;499.867
10/11/2022 17:11;499.878
10/11/2022 17:11;49.989
10/11/2022 17:11;499.903
10/11/2022 17:11;499.919
10/11/2022 17:11;499.934
10/11/2022 17:11;499.944
10/11/2022 17:11;499.932
10/11/2022 17:11;499.893
10/11/2022 17:11;499.855
10/11/2022 17:11;499.838
10/11/2022 17:11;49.985
10/11/2022 17:11;499.868
10/11/2022 17:11;499.876
10/11/2022 17:11;499.884
10/11/2022 17:11;499.893
10/11/2022 17:11;499.899
10/11/2022 17:11;499.908
10/11/2022 17:11;499.915
10/11/2022 17:11;499.922
10/11/2022 17:11;499.924
10/11/2022 17:11;499.925
10/11/2022 17:12;499.914
10/11/2022 17:12;499.894
10/11/2022 17:12;499.874
10/11/2022 17:12;499.868
10/11/2022 17:12;499.873
10/11/2022 17:12;499.878
10/11/2022 17:12;499.887
10/11/2022 17:12;499.896
10/11/2022 17:12;499.902
10/11/2022 17:12;499.909
10/11/2022 17:12;499.916
10/11/2022 17:12;499.925
10/11/2022 17:12;49.993
10/11/2022 17:12;499.935
10/11/2022 17:12;499.925
10/11/2022 17:12;49.988
10/11/2022 17:12;499.842
10/11/2022 17:12;499.826
10/11/2022 17:12;499.879
10/11/2022 17:12;499.934
10/11/2022 17:12;499.913
10/11/2022 17:12;499.857
10/11/2022 17:12;49.982
10/11/2022 17:12;499.861
10/11/2022 17:12;499.896
10/11/2022 17:12;499.885
10/11/2022 17:12;499.832
10/11/2022 17:12;499.804
10/11/2022 17:12;499.858
10/11/2022 17:12;499.903
10/11/2022 17:12;499.898
10/11/2022 17:12;499.862
10/11/2022 17:12;499.845
10/11/2022 17:12;499.858
10/11/2022 17:12;499.877
10/11/2022 17:12;499.894
10/11/2022 17:12;499.914
10/11/2022 17:12;499.936
10/11/2022 17:12;499.965
10/11/2022 17:12;499.986
10/11/2022 17:12;500.008
10/11/2022 17:12;500.023
10/11/2022 17:12;500.039
10/11/2022 17:12;500.031
10/11/2022 17:12;500.005
10/11/2022 17:12;499.973
10/11/2022 17:12;499.963
10/11/2022 17:12;499.994
10/11/2022 17:12;500.026
10/11/2022 17:12;500.047
10/11/2022 17:12;500.065
10/11/2022 17:12;500.077
10/11/2022 17:12;500.091
10/11/2022 17:12;500.103
10/11/2022 17:12;500.123
10/11/2022 17:12;500.139
10/11/2022 17:12;500.121
10/11/2022 17:12;50.011
10/11/2022 17:12;500.084
10/11/2022 17:12;50.005
10/11/2022 17:13;50.006
10/11/2022 17:13;500.086
10/11/2022 17:13;500.108
10/11/2022 17:13;500.116
10/11/2022 17:13;500.115
10/11/2022 17:13;500.115
10/11/2022 17:13;500.116
10/11/2022 17:13;50.012
10/11/2022 17:13;500.122
10/11/2022 17:13;50.012
10/11/2022 17:13;500.117
10/11/2022 17:13;500.099
10/11/2022 17:13;500.075
10/11/2022 17:13;500.044
10/11/2022 17:13;500.052
10/11/2022 17:13;500.071
10/11/2022 17:13;500.065
10/11/2022 17:13;500.046
10/11/2022 17:13;500.023
10/11/2022 17:13;499.999
10/11/2022 17:13;500.008
10/11/2022 17:13;500.017
10/11/2022 17:13;50.002
10/11/2022 17:13;500.023
10/11/2022 17:13;500.026
10/11/2022 17:13;500.028
10/11/2022 17:13;500.031
10/11/2022 17:13;500.034
10/11/2022 17:13;500.037
10/11/2022 17:13;500.023
10/11/2022 17:13;499.996
10/11/2022 17:13;499.966
10/11/2022 17:13;499.965
10/11/2022 17:13;499.965
10/11/2022 17:13;499.967
10/11/2022 17:13;499.967
10/11/2022 17:13;499.965
10/11/2022 17:13;499.965
10/11/2022 17:13;49.996
10/11/2022 17:13;499.956
10/11/2022 17:13;49.995
10/11/2022 17:13;499.946
10/11/2022 17:13;499.941
10/11/2022 17:13;49.994
10/11/2022 17:13;499.943
10/11/2022 17:13;499.938
10/11/2022 17:13;499.932
10/11/2022 17:13;49.989
10/11/2022 17:13;499.849
10/11/2022 17:13;499.818
10/11/2022 17:13;499.828
10/11/2022 17:13;499.842
10/11/2022 17:13;499.844
10/11/2022 17:13;49.986
10/11/2022 17:13;499.864
10/11/2022 17:13;499.864
10/11/2022 17:13;499.871
10/11/2022 17:13;499.877
10/11/2022 17:13;499.881
10/11/2022 17:13;499.883
10/11/2022 17:14;49.988
10/11/2022 17:14;499.865
10/11/2022 17:14;499.854
10/11/2022 17:14;499.836
10/11/2022 17:14;499.839
10/11/2022 17:14;49.985
10/11/2022 17:14;499.861
10/11/2022 17:14;499.876
10/11/2022 17:14;499.887
10/11/2022 17:14;499.894
10/11/2022 17:14;499.899
10/11/2022 17:14;49.99
10/11/2022 17:14;499.901
10/11/2022 17:14;499.899
10/11/2022 17:14;499.904
10/11/2022 17:14;499.908
10/11/2022 17:14;499.905
10/11/2022 17:14;499.881
10/11/2022 17:14;499.831
10/11/2022 17:14;499.827
10/11/2022 17:14;499.832
10/11/2022 17:14;499.845
10/11/2022 17:14;499.861
10/11/2022 17:14;499.884
10/11/2022 17:14;499.901
10/11/2022 17:14;499.914
10/11/2022 17:14;499.927
10/11/2022 17:14;499.939
10/11/2022 17:14;499.954
10/11/2022 17:14;499.968
10/11/2022 17:14;499.984
10/11/2022 17:14;500.001
10/11/2022 17:14;500.006
10/11/2022 17:14;500.008
10/11/2022 17:14;500.005
10/11/2022 17:14;499.979
10/11/2022 17:14;499.925
10/11/2022 17:14;499.884
10/11/2022 17:14;499.873
10/11/2022 17:14;499.871
10/11/2022 17:14;499.864
10/11/2022 17:14;499.857
10/11/2022 17:14;499.851
10/11/2022 17:14;499.842
10/11/2022 17:14;499.835
10/11/2022 17:14;499.836
10/11/2022 17:14;499.842
10/11/2022 17:14;499.851
10/11/2022 17:14;499.861
10/11/2022 17:14;499.867
10/11/2022 17:14;499.869
10/11/2022 17:14;499.871
10/11/2022 17:14;49.988
10/11/2022 17:14;49.989
10/11/2022 17:14;499.887
10/11/2022 17:14;499.876
10/11/2022 17:14;499.852
10/11/2022 17:14;499.852
10/11/2022 17:14;499.863
10/11/2022 17:14;499.873
10/11/2022 17:15;499.884
10/11/2022 17:15;499.894
10/11/2022 17:15;499.906
10/11/2022 17:15;499.915
10/11/2022 17:15;499.923
10/11/2022 17:15;49.993
10/11/2022 17:15;499.935
10/11/2022 17:15;499.938
10/11/2022 17:15;499.936
10/11/2022 17:15;499.921
10/11/2022 17:15;499.865
10/11/2022 17:15;499.813
10/11/2022 17:15;499.809
10/11/2022 17:15;499.817
10/11/2022 17:15;499.833
10/11/2022 17:15;499.844
10/11/2022 17:15;499.856
10/11/2022 17:15;49.987
10/11/2022 17:15;499.889
10/11/2022 17:15;499.911
10/11/2022 17:15;499.927
10/11/2022 17:15;499.902
10/11/2022 17:15;499.871
10/11/2022 17:15;499.843
10/11/2022 17:15;499.866
10/11/2022 17:15;499.895
10/11/2022 17:15;499.931
10/11/2022 17:15;499.955
10/11/2022 17:15;499.979
10/11/2022 17:15;500.002
10/11/2022 17:15;500.029
10/11/2022 17:15;500.057
10/11/2022 17:15;500.093
10/11/2022 17:15;500.097
10/11/2022 17:15;50.007
10/11/2022 17:15;500.056
10/11/2022 17:15;500.048
10/11/2022 17:15;500.091
10/11/2022 17:15;500.118
10/11/2022 17:15;500.129
10/11/2022 17:15;50.013
10/11/2022 17:15;500.136
10/11/2022 17:15;500.143
10/11/2022 17:15;500.129
10/11/2022 17:15;500.109
10/11/2022 17:15;500.089
10/11/2022 17:15;500.083
10/11/2022 17:15;50.009
10/11/2022 17:15;500.095
10/11/2022 17:15;500.096
10/11/2022 17:15;500.097
10/11/2022 17:15;500.102
10/11/2022 17:15;500.105
10/11/2022 17:15;500.115
10/11/2022 17:15;500.114
10/11/2022 17:15;500.119
10/11/2022 17:15;500.123
10/11/2022 17:15;500.131
10/11/2022 17:16;500.135
10/11/2022 17:16;500.145
10/11/2022 17:16;500.157
10/11/2022 17:16;500.155
10/11/2022 17:16;500.149
10/11/2022 17:16;50.013
10/11/2022 17:16;500.111
10/11/2022 17:16;500.097
10/11/2022 17:16;500.097
10/11/2022 17:16;500.112
10/11/2022 17:16;500.128
10/11/2022 17:16;500.151
10/11/2022 17:16;500.177
10/11/2022 17:16;500.186
10/11/2022 17:16;500.194
10/11/2022 17:16;500.208
10/11/2022 17:16;500.223
10/11/2022 17:16;500.221
10/11/2022 17:16;500.185
10/11/2022 17:16;500.152
10/11/2022 17:16;500.137
10/11/2022 17:16;500.147
10/11/2022 17:16;500.165
10/11/2022 17:16;500.178
10/11/2022 17:16;500.176
10/11/2022 17:16;500.168
10/11/2022 17:16;500.167
10/11/2022 17:16;500.171
10/11/2022 17:16;500.163
10/11/2022 17:16;50.014
10/11/2022 17:16;500.122
10/11/2022 17:16;500.097
10/11/2022 17:16;500.083
10/11/2022 17:16;500.087
10/11/2022 17:16;500.085
10/11/2022 17:16;500.085
10/11/2022 17:16;500.081
10/11/2022 17:16;500.078
10/11/2022 17:16;50.007
10/11/2022 17:16;500.068
10/11/2022 17:16;500.062
10/11/2022 17:16;500.034
10/11/2022 17:16;500.007
10/11/2022 17:16;499.988
10/11/2022 17:16;499.982
10/11/2022 17:16;499.978
10/11/2022 17:16;499.974
10/11/2022 17:16;499.975
10/11/2022 17:16;499.976
10/11/2022 17:16;499.974
10/11/2022 17:16;499.965
10/11/2022 17:16;499.914
10/11/2022 17:16;499.864
10/11/2022 17:16;499.821
10/11/2022 17:16;499.828
10/11/2022 17:16;499.873
10/11/2022 17:16;499.863
10/11/2022 17:16;499.829
10/11/2022 17:16;499.796
10/11/2022 17:16;499.779
10/11/2022 17:17;499.788
10/11/2022 17:17;499.805
10/11/2022 17:17;499.817
10/11/2022 17:17;499.829
10/11/2022 17:17;499.837
10/11/2022 17:17;499.844
10/11/2022 17:17;499.847
10/11/2022 17:17;499.853
10/11/2022 17:17;499.845
10/11/2022 17:17;499.828
10/11/2022 17:17;499.824
10/11/2022 17:17;499.826
10/11/2022 17:17;499.846
10/11/2022 17:17;499.866
10/11/2022 17:17;499.883
10/11/2022 17:17;499.896
10/11/2022 17:17;499.909
10/11/2022 17:17;499.914
10/11/2022 17:17;499.899
10/11/2022 17:17;499.863
10/11/2022 17:17;499.817
10/11/2022 17:17;499.814
10/11/2022 17:17;499.824
10/11/2022 17:17;49.984
10/11/2022 17:17;499.853
10/11/2022 17:17;499.868
10/11/2022 17:17;499.835
10/11/2022 17:17;499.793
10/11/2022 17:17;499.754
10/11/2022 17:17;499.753
10/11/2022 17:17;499.771
10/11/2022 17:17;49.979
10/11/2022 17:17;499.811
10/11/2022 17:17;499.826
10/11/2022 17:17;499.812
10/11/2022 17:17;499.802
10/11/2022 17:17;499.789
10/11/2022 17:17;49.978
10/11/2022 17:17;499.798
10/11/2022 17:17;499.815
10/11/2022 17:17;499.832
10/11/2022 17:17;499.848
10/11/2022 17:17;49.986
10/11/2022 17:17;499.871
10/11/2022 17:17;499.882
10/11/2022 17:17;499.888
10/11/2022 17:17;499.879
10/11/2022 17:17;499.841
10/11/2022 17:17;499.797
10/11/2022 17:17;499.772
10/11/2022 17:17;49.979
10/11/2022 17:17;499.808
10/11/2022 17:17;499.813
10/11/2022 17:17;499.821
10/11/2022 17:17;499.829
10/11/2022 17:17;499.836
10/11/2022 17:17;499.818
10/11/2022 17:17;499.784
10/11/2022 17:17;49.978
10/11/2022 17:17;499.781
10/11/2022 17:18;499.798
10/11/2022 17:18;499.815
10/11/2022 17:18;499.828
10/11/2022 17:18;499.839
10/11/2022 17:18;499.852
10/11/2022 17:18;499.868
10/11/2022 17:18;499.867
10/11/2022 17:18;499.862
10/11/2022 17:18;499.855
10/11/2022 17:18;49.984
10/11/2022 17:18;499.847
10/11/2022 17:18;499.859
10/11/2022 17:18;49.987
10/11/2022 17:18;499.877
10/11/2022 17:18;499.884
10/11/2022 17:18;499.886
10/11/2022 17:18;499.889
10/11/2022 17:18;499.887
10/11/2022 17:18;499.878
10/11/2022 17:18;499.877
10/11/2022 17:18;499.876
10/11/2022 17:18;499.873
10/11/2022 17:18;499.856
10/11/2022 17:18;499.811
10/11/2022 17:18;49.977
10/11/2022 17:18;499.775
10/11/2022 17:18;499.829
10/11/2022 17:18;499.857
10/11/2022 17:18;499.806
10/11/2022 17:18;499.772
10/11/2022 17:18;499.786
10/11/2022 17:18;499.813
10/11/2022 17:18;49.984
10/11/2022 17:18;499.835
10/11/2022 17:18;499.821
10/11/2022 17:18;499.807
10/11/2022 17:18;499.817
10/11/2022 17:18;499.825
10/11/2022 17:18;499.827
10/11/2022 17:18;499.834
10/11/2022 17:18;499.841
10/11/2022 17:18;499.862
10/11/2022 17:18;499.878
10/11/2022 17:18;499.886
10/11/2022 17:18;499.888
10/11/2022 17:18;49.988
10/11/2022 17:18;499.856
10/11/2022 17:18;49.98
10/11/2022 17:18;499.807
10/11/2022 17:18;499.821
10/11/2022 17:18;499.831
10/11/2022 17:18;49.985
10/11/2022 17:18;499.866
10/11/2022 17:18;499.893
10/11/2022 17:18;499.912
10/11/2022 17:18;499.936
10/11/2022 17:18;499.933
10/11/2022 17:18;499.897
10/11/2022 17:18;499.875
10/11/2022 17:18;49.988
10/11/2022 17:19;499.915
10/11/2022 17:19;499.948
10/11/2022 17:19;49.999
10/11/2022 17:19;500.026
10/11/2022 17:19;500.051
10/11/2022 17:19;500.069
10/11/2022 17:19;500.054
10/11/2022 17:19;50.004
10/11/2022 17:19;500.025
10/11/2022 17:19;500.033
10/11/2022 17:19;500.056
10/11/2022 17:19;500.064
10/11/2022 17:19;500.077
10/11/2022 17:19;500.092
10/11/2022 17:19;500.103
10/11/2022 17:19;500.103
10/11/2022 17:19;500.106
10/11/2022 17:19;500.107
10/11/2022 17:19;50.009
10/11/2022 17:19;500.071
10/11/2022 17:19;500.059
10/11/2022 17:19;500.097
10/11/2022 17:19;500.111
10/11/2022 17:19;500.097
10/11/2022 17:19;500.085
10/11/2022 17:19;500.076
10/11/2022 17:19;500.071
10/11/2022 17:19;500.083
10/11/2022 17:19;500.112
10/11/2022 17:19;500.146
10/11/2022 17:19;500.178
10/11/2022 17:19;500.197
10/11/2022 17:19;500.252
10/11/2022 17:19;500.239
10/11/2022 17:19;500.202
10/11/2022 17:19;500.184
10/11/2022 17:19;500.225
10/11/2022 17:19;50.024
10/11/2022 17:19;500.245
10/11/2022 17:19;500.241
10/11/2022 17:19;500.216
10/11/2022 17:19;500.197
10/11/2022 17:19;500.179
10/11/2022 17:19;500.172
10/11/2022 17:19;500.175
10/11/2022 17:19;500.187
10/11/2022 17:19;500.193
10/11/2022 17:19;500.202
10/11/2022 17:19;500.243
10/11/2022 17:19;500.284
10/11/2022 17:19;500.267
10/11/2022 17:19;50.025
10/11/2022 17:19;50.023
10/11/2022 17:19;50.026
10/11/2022 17:19;500.302
10/11/2022 17:19;500.315
10/11/2022 17:19;500.305
10/11/2022 17:19;500.306
10/11/2022 17:19;500.305
10/11/2022 17:19;500.286
10/11/2022 17:20;50.026
10/11/2022 17:20;500.235
10/11/2022 17:20;500.229
10/11/2022 17:20;500.236
10/11/2022 17:20;500.231
10/11/2022 17:20;500.248
10/11/2022 17:20;500.274
10/11/2022 17:20;500.298
10/11/2022 17:20;500.312
10/11/2022 17:20;500.333
10/11/2022 17:20;500.352
10/11/2022 17:20;500.351
10/11/2022 17:20;500.338
10/11/2022 17:20;500.317
10/11/2022 17:20;50.031
10/11/2022 17:20;500.302
10/11/2022 17:20;500.288
10/11/2022 17:20;500.279
10/11/2022 17:20;500.275
10/11/2022 17:20;500.266
10/11/2022 17:20;500.248
10/11/2022 17:20;500.234
10/11/2022 17:20;500.226
10/11/2022 17:20;500.227
10/11/2022 17:20;500.231
10/11/2022 17:20;500.225
10/11/2022 17:20;500.229
10/11/2022 17:20;500.227
10/11/2022 17:20;500.233
10/11/2022 17:20;500.238
10/11/2022 17:20;500.246
10/11/2022 17:20;500.245
10/11/2022 17:20;50.024
10/11/2022 17:20;500.236
10/11/2022 17:20;500.226
10/11/2022 17:20;500.215
10/11/2022 17:20;500.205
10/11/2022 17:20;500.196
10/11/2022 17:20;500.188
10/11/2022 17:20;500.175
10/11/2022 17:20;500.165
10/11/2022 17:20;500.156
10/11/2022 17:20;500.151
10/11/2022 17:20;500.143
10/11/2022 17:20;50.014
10/11/2022 17:20;500.137
10/11/2022 17:20;500.131
10/11/2022 17:20;500.124
10/11/2022 17:20;500.117
10/11/2022 17:20;500.116
10/11/2022 17:20;500.117
10/11/2022 17:20;500.111
10/11/2022 17:20;500.102
10/11/2022 17:20;50.01
10/11/2022 17:20;500.101
10/11/2022 17:20;500.095
10/11/2022 17:20;500.146
10/11/2022 17:20;500.113
10/11/2022 17:21;500.082
10/11/2022 17:21;500.069
10/11/2022 17:21;500.073
10/11/2022 17:21;500.082
10/11/2022 17:21;500.066
10/11/2022 17:21;500.038
10/11/2022 17:21;499.985
10/11/2022 17:21;499.974
10/11/2022 17:21;499.991
10/11/2022 17:21;50.001
10/11/2022 17:21;499.975
10/11/2022 17:21;499.907
10/11/2022 17:21;49.987
10/11/2022 17:21;49.99
10/11/2022 17:21;499.929
10/11/2022 17:21;499.919
10/11/2022 17:21;499.873
10/11/2022 17:21;499.829
10/11/2022 17:21;499.876
10/11/2022 17:21;499.922
10/11/2022 17:21;499.914
10/11/2022 17:21;499.866
10/11/2022 17:21;499.831
10/11/2022 17:21;499.862
10/11/2022 17:21;499.903
10/11/2022 17:21;499.904
10/11/2022 17:21;499.876
10/11/2022 17:21;499.868
10/11/2022 17:21;499.869
10/11/2022 17:21;499.877
10/11/2022 17:21;499.902
10/11/2022 17:21;499.924
10/11/2022 17:21;49.994
10/11/2022 17:21;499.928
10/11/2022 17:21;499.911
10/11/2022 17:21;49.991
10/11/2022 17:21;499.919
10/11/2022 17:21;499.927
10/11/2022 17:21;499.934
10/11/2022 17:21;499.945
10/11/2022 17:21;499.954
10/11/2022 17:21;499.962
10/11/2022 17:21;499.971
10/11/2022 17:21;499.979
10/11/2022 17:21;499.982
10/11/2022 17:21;499.987
10/11/2022 17:21;49.999
10/11/2022 17:21;499.994
10/11/2022 17:21;499.995
10/11/2022 17:21;499.989
10/11/2022 17:21;499.963
10/11/2022 17:21;499.944
10/11/2022 17:21;499.936
10/11/2022 17:21;499.937
10/11/2022 17:21;49.994
10/11/2022 17:21;499.939
10/11/2022 17:21;499.941
10/11/2022 17:21;499.939
10/11/2022 17:21;499.937
10/11/2022 17:21;499.938
10/11/2022 17:22;499.942
10/11/2022 17:22;499.944
10/11/2022 17:22;49.995
10/11/2022 17:22;499.958
10/11/2022 17:22;499.962
10/11/2022 17:22;499.967
10/11/2022 17:22;499.977
10/11/2022 17:22;499.984
10/11/2022 17:22;49.999
10/11/2022 17:22;499.987
10/11/2022 17:22;499.966
10/11/2022 17:22;499.952
10/11/2022 17:22;499.922
10/11/2022 17:22;499.925
10/11/2022 17:22;499.931
10/11/2022 17:22;49.994
10/11/2022 17:22;499.948
10/11/2022 17:22;499.962
10/11/2022 17:22;499.966
10/11/2022 17:22;499.973
10/11/2022 17:22;49.997
10/11/2022 17:22;499.962
10/11/2022 17:22;49.991
10/11/2022 17:22;499.859
10/11/2022 17:22;499.825
10/11/2022 17:22;499.862
10/11/2022 17:22;499.901
10/11/2022 17:22;499.884
10/11/2022 17:22;499.838
10/11/2022 17:22;499.792
10/11/2022 17:22;49.979
10/11/2022 17:22;499.804
10/11/2022 17:22;499.815
10/11/2022 17:22;499.832
10/11/2022 17:22;499.848
10/11/2022 17:22;499.863
10/11/2022 17:22;499.877
10/11/2022 17:22;499.888
10/11/2022 17:22;499.882
10/11/2022 17:22;499.866
10/11/2022 17:22;499.859
10/11/2022 17:22;49.987
10/11/2022 17:22;499.884
10/11/2022 17:22;499.895
10/11/2022 17:22;499.907
10/11/2022 17:22;499.918
10/11/2022 17:22;499.926
10/11/2022 17:22;499.933
10/11/2022 17:22;49.994
10/11/2022 17:22;499.947
10/11/2022 17:22;49.995
10/11/2022 17:22;499.952
10/11/2022 17:22;499.934
10/11/2022 17:22;499.911
10/11/2022 17:22;499.901
10/11/2022 17:22;499.898
10/11/2022 17:22;499.905
10/11/2022 17:22;499.907
10/11/2022 17:22;499.902
10/11/2022 17:22;499.904
10/11/2022 17:23;499.892
10/11/2022 17:23;499.879
10/11/2022 17:23;499.866
10/11/2022 17:23;499.825
10/11/2022 17:23;499.776
10/11/2022 17:23;499.729
10/11/2022 17:23;499.716
10/11/2022 17:23;499.736
10/11/2022 17:23;499.757
10/11/2022 17:23;499.776
10/11/2022 17:23;499.792
10/11/2022 17:23;499.803
10/11/2022 17:23;499.817
10/11/2022 17:23;499.825
10/11/2022 17:23;499.834
10/11/2022 17:23;499.847
10/11/2022 17:23;499.857
10/11/2022 17:23;499.866
10/11/2022 17:23;499.876
10/11/2022 17:23;499.884
10/11/2022 17:23;499.872
10/11/2022 17:23;499.852
10/11/2022 17:23;499.846
10/11/2022 17:23;499.853
10/11/2022 17:23;499.858
10/11/2022 17:23;499.847
10/11/2022 17:23;499.849
10/11/2022 17:23;499.836
10/11/2022 17:23;499.821
10/11/2022 17:23;499.816
10/11/2022 17:23;499.813
10/11/2022 17:23;499.818
10/11/2022 17:23;499.823
10/11/2022 17:23;499.822
10/11/2022 17:23;499.816
10/11/2022 17:23;49.981
10/11/2022 17:23;499.798
10/11/2022 17:23;499.792
10/11/2022 17:23;499.795
10/11/2022 17:23;499.802
10/11/2022 17:23;499.816
10/11/2022 17:23;499.832
10/11/2022 17:23;499.847
10/11/2022 17:23;499.845
10/11/2022 17:23;499.827
10/11/2022 17:23;499.824
10/11/2022 17:23;499.837
10/11/2022 17:23;499.854
10/11/2022 17:23;49.987
10/11/2022 17:23;499.884
10/11/2022 17:23;49.99
10/11/2022 17:23;499.912
10/11/2022 17:23;499.925
10/11/2022 17:23;499.938
10/11/2022 17:23;499.946
10/11/2022 17:23;499.939
10/11/2022 17:23;499.938
10/11/2022 17:23;499.935
10/11/2022 17:23;49.994
10/11/2022 17:23;499.954
10/11/2022 17:24;499.966
10/11/2022 17:24;49.998
10/11/2022 17:24;499.995
10/11/2022 17:24;500.009
10/11/2022 17:24;50.002
10/11/2022 17:24;500.027
10/11/2022 17:24;500.013
10/11/2022 17:24;499.997
10/11/2022 17:24;499.985
10/11/2022 17:24;499.982
10/11/2022 17:24;499.998
10/11/2022 17:24;500.013
10/11/2022 17:24;500.025
10/11/2022 17:24;500.034
10/11/2022 17:24;500.039
10/11/2022 17:24;500.047
10/11/2022 17:24;500.032
10/11/2022 17:24;500.019
10/11/2022 17:24;500.006
10/11/2022 17:24;500.001
10/11/2022 17:24;500.007
10/11/2022 17:24;500.012
10/11/2022 17:24;500.018
10/11/2022 17:24;500.024
10/11/2022 17:24;50.004
10/11/2022 17:24;500.066
10/11/2022 17:24;500.086
10/11/2022 17:24;500.104
10/11/2022 17:24;500.067
10/11/2022 17:24;500.036
10/11/2022 17:24;500.008
10/11/2022 17:24;500.002
10/11/2022 17:24;500.021
10/11/2022 17:24;500.044
10/11/2022 17:24;500.061
10/11/2022 17:24;500.074
10/11/2022 17:24;500.078
10/11/2022 17:24;500.084
10/11/2022 17:24;500.085
10/11/2022 17:24;500.054
10/11/2022 17:24;500.018
10/11/2022 17:24;499.991
10/11/2022 17:24;499.983
10/11/2022 17:24;50.0
10/11/2022 17:24;500.007
10/11/2022 17:24;500.018
10/11/2022 17:24;50.003
10/11/2022 17:24;500.041
10/11/2022 17:24;500.045
10/11/2022 17:24;500.042
10/11/2022 17:24;500.039
10/11/2022 17:24;500.048
10/11/2022 17:24;500.052
10/11/2022 17:24;500.062
10/11/2022 17:24;50.007
10/11/2022 17:24;500.082
10/11/2022 17:24;500.127
10/11/2022 17:24;500.144
10/11/2022 17:24;500.114
10/11/2022 17:24;500.062
10/11/2022 17:25;500.023
10/11/2022 17:25;500.032
10/11/2022 17:25;500.037
10/11/2022 17:25;500.037
10/11/2022 17:25;500.043
10/11/2022 17:25;500.051
10/11/2022 17:25;500.054
10/11/2022 17:25;500.063
10/11/2022 17:25;500.065
10/11/2022 17:25;500.064
10/11/2022 17:25;500.027
10/11/2022 17:25;499.977
10/11/2022 17:25;499.942
10/11/2022 17:25;499.925
10/11/2022 17:25;499.937
10/11/2022 17:25;499.943
10/11/2022 17:25;49.994
10/11/2022 17:25;49.994
10/11/2022 17:25;499.942
10/11/2022 17:25;499.936
10/11/2022 17:25;499.933
10/11/2022 17:25;499.919
10/11/2022 17:25;499.906
10/11/2022 17:25;499.894
10/11/2022 17:25;499.882
10/11/2022 17:25;499.877
10/11/2022 17:25;499.878
10/11/2022 17:25;499.876
10/11/2022 17:25;499.866
10/11/2022 17:25;499.863
10/11/2022 17:25;499.866
10/11/2022 17:25;499.846
10/11/2022 17:25;499.825
10/11/2022 17:25;499.818
10/11/2022 17:25;499.825
10/11/2022 17:25;499.832
10/11/2022 17:25;499.843
10/11/2022 17:25;499.846
10/11/2022 17:25;49.985
10/11/2022 17:25;499.851
10/11/2022 17:25;499.859
10/11/2022 17:25;499.865
10/11/2022 17:25;499.874
10/11/2022 17:25;499.887
10/11/2022 17:25;499.896
10/11/2022 17:25;499.895
10/11/2022 17:25;49.989
10/11/2022 17:25;499.888
10/11/2022 17:25;49.988
10/11/2022 17:25;499.888
10/11/2022 17:25;499.885
10/11/2022 17:25;499.858
10/11/2022 17:25;499.821
10/11/2022 17:25;499.834
10/11/2022 17:25;499.896
10/11/2022 17:25;499.921
10/11/2022 17:25;499.965
10/11/2022 17:25;499.967
10/11/2022 17:26;499.967
10/11/2022 17:26;499.967
10/11/2022 17:26;499.966
10/11/2022 17:26;499.976
10/11/2022 17:26;499.983
10/11/2022 17:26;499.986
10/11/2022 17:26;499.989
10/11/2022 17:26;499.983
10/11/2022 17:26;499.985
10/11/2022 17:26;499.989
10/11/2022 17:26;499.957
10/11/2022 17:26;499.899
10/11/2022 17:26;499.859
10/11/2022 17:26;499.863
10/11/2022 17:26;49.987
10/11/2022 17:26;499.877
10/11/2022 17:26;499.886
10/11/2022 17:26;49.99
10/11/2022 17:26;499.908
10/11/2022 17:26;499.913
10/11/2022 17:26;499.918
10/11/2022 17:26;499.926
10/11/2022 17:26;499.885
10/11/2022 17:26;499.848
10/11/2022 17:26;499.835
10/11/2022 17:26;499.841
10/11/2022 17:26;499.854
10/11/2022 17:26;499.867
10/11/2022 17:26;49.988
10/11/2022 17:26;499.891
10/11/2022 17:26;49.99
10/11/2022 17:26;499.912
10/11/2022 17:26;499.922
10/11/2022 17:26;49.993
10/11/2022 17:26;499.933
10/11/2022 17:26;499.946
10/11/2022 17:26;499.957
10/11/2022 17:26;499.971
10/11/2022 17:26;499.985
10/11/2022 17:26;499.998
10/11/2022 17:26;500.012
10/11/2022 17:26;500.029
10/11/2022 17:26;500.042
10/11/2022 17:26;500.053
10/11/2022 17:26;500.067
10/11/2022 17:26;500.076
10/11/2022 17:26;500.057
10/11/2022 17:26;500.014
10/11/2022 17:26;49.998
10/11/2022 17:26;499.954
10/11/2022 17:26;499.952
10/11/2022 17:26;49.996
10/11/2022 17:26;499.967
10/11/2022 17:26;499.972
10/11/2022 17:26;499.979
10/11/2022 17:26;499.985
10/11/2022 17:26;499.988
10/11/2022 17:26;499.973
10/11/2022 17:26;499.954
10/11/2022 17:26;499.941
10/11/2022 17:27;499.918
10/11/2022 17:27;499.935
10/11/2022 17:27;499.953
10/11/2022 17:27;499.955
10/11/2022 17:27;499.954
10/11/2022 17:27;499.957
10/11/2022 17:27;49.996
10/11/2022 17:27;499.964
10/11/2022 17:27;499.971
10/11/2022 17:27;499.949
10/11/2022 17:27;499.937
10/11/2022 17:27;499.917
10/11/2022 17:27;499.948
10/11/2022 17:27;499.969
10/11/2022 17:27;499.959
10/11/2022 17:27;499.926
10/11/2022 17:27;499.909
10/11/2022 17:27;499.913
10/11/2022 17:27;499.917
10/11/2022 17:27;49.992
10/11/2022 17:27;499.919
10/11/2022 17:27;499.908
10/11/2022 17:27;499.898
10/11/2022 17:27;499.899
10/11/2022 17:27;499.893
10/11/2022 17:27;499.905
10/11/2022 17:27;499.912
10/11/2022 17:27;499.905
10/11/2022 17:27;499.896
10/11/2022 17:27;499.882
10/11/2022 17:27;499.875
10/11/2022 17:27;499.869
10/11/2022 17:27;499.858
10/11/2022 17:27;499.834
10/11/2022 17:27;499.789
10/11/2022 17:27;499.757
10/11/2022 17:27;499.741
10/11/2022 17:27;499.738
10/11/2022 17:27;499.749
10/11/2022 17:27;499.752
10/11/2022 17:27;499.759
10/11/2022 17:27;49.977
10/11/2022 17:27;499.784
10/11/2022 17:27;499.792
10/11/2022 17:27;49.979
10/11/2022 17:27;499.791
10/11/2022 17:27;499.752
10/11/2022 17:27;499.718
10/11/2022 17:27;499.686
10/11/2022 17:27;49.966
10/11/2022 17:27;499.688
10/11/2022 17:27;499.708
10/11/2022 17:27;499.732
10/11/2022 17:27;499.753
10/11/2022 17:27;499.772
10/11/2022 17:27;499.785
10/11/2022 17:27;499.802
10/11/2022 17:27;499.819
10/11/2022 17:27;499.822
10/11/2022 17:27;499.817
10/11/2022 17:28;499.803
10/11/2022 17:28;499.806
10/11/2022 17:28;499.816
10/11/2022 17:28;499.823
10/11/2022 17:28;49.983
10/11/2022 17:28;499.841
10/11/2022 17:28;499.855
10/11/2022 17:28;499.861
10/11/2022 17:28;499.868
10/11/2022 17:28;499.858
10/11/2022 17:28;499.821
10/11/2022 17:28;499.771
10/11/2022 17:28;49.977
10/11/2022 17:28;49.978
10/11/2022 17:28;499.788
10/11/2022 17:28;499.806
10/11/2022 17:28;499.811
10/11/2022 17:28;499.815
10/11/2022 17:28;499.815
10/11/2022 17:28;49.981
10/11/2022 17:28;499.809
10/11/2022 17:28;499.786
10/11/2022 17:28;499.774
10/11/2022 17:28;499.776
10/11/2022 17:28;499.767
10/11/2022 17:28;499.786
10/11/2022 17:28;499.805
10/11/2022 17:28;499.823
10/11/2022 17:28;499.841
10/11/2022 17:28;499.856
10/11/2022 17:28;49.986
10/11/2022 17:28;499.854
10/11/2022 17:28;499.833
10/11/2022 17:28;499.825
10/11/2022 17:28;499.835
10/11/2022 17:28;499.846
10/11/2022 17:28;499.856
10/11/2022 17:28;499.869
10/11/2022 17:28;499.874
10/11/2022 17:28;499.845
10/11/2022 17:28;499.797
10/11/2022 17:28;499.766
10/11/2022 17:28;499.752
10/11/2022 17:28;499.737
10/11/2022 17:28;499.759
10/11/2022 17:28;499.785
10/11/2022 17:28;499.807
10/11/2022 17:28;499.844
10/11/2022 17:28;499.855
10/11/2022 17:28;499.866
10/11/2022 17:28;499.878
10/11/2022 17:28;499.888
10/11/2022 17:28;499.905
10/11/2022 17:28;499.918
10/11/2022 17:28;499.892
10/11/2022 17:28;499.864
10/11/2022 17:28;499.856
10/11/2022 17:28;49.987
10/11/2022 17:28;499.883
10/11/2022 17:28;499.897
10/11/2022 17:29;499.904
10/11/2022 17:29;499.912
10/11/2022 17:29;499.917
10/11/2022 17:29;49.992
10/11/2022 17:29;499.925
10/11/2022 17:29;49.993
10/11/2022 17:29;499.936
10/11/2022 17:29;499.938
10/11/2022 17:29;499.942
10/11/2022 17:29;499.943
10/11/2022 17:29;499.945
10/11/2022 17:29;499.941
10/11/2022 17:29;49.994
10/11/2022 17:29;499.916
10/11/2022 17:29;499.894
10/11/2022 17:29;499.877
10/11/2022 17:29;49.988
10/11/2022 17:29;499.884
10/11/2022 17:29;499.888
10/11/2022 17:29;499.883
10/11/2022 17:29;499.864
10/11/2022 17:29;499.846
10/11/2022 17:29;499.835
10/11/2022 17:29;499.822
10/11/2022 17:29;499.815
10/11/2022 17:29;499.823
10/11/2022 17:29;499.831
10/11/2022 17:29;499.833
10/11/2022 17:29;499.833
10/11/2022 17:29;499.833
10/11/2022 17:29;49.983
10/11/2022 17:29;499.818
10/11/2022 17:29;49.979
10/11/2022 17:29;499.782
10/11/2022 17:29;499.784
10/11/2022 17:29;499.801
10/11/2022 17:29;499.813
10/11/2022 17:29;49.983
10/11/2022 17:29;499.847
10/11/2022 17:29;499.856
10/11/2022 17:29;499.865
10/11/2022 17:29;499.875
10/11/2022 17:29;499.888
10/11/2022 17:29;49.99
10/11/2022 17:29;499.915
10/11/2022 17:29;499.931
10/11/2022 17:29;499.918
10/11/2022 17:29;49.991
10/11/2022 17:29;499.896
10/11/2022 17:29;499.904
10/11/2022 17:29;499.922
10/11/2022 17:29;499.934
10/11/2022 17:29;499.945
10/11/2022 17:29;499.956
10/11/2022 17:29;499.967
10/11/2022 17:29;499.973
10/11/2022 17:29;499.979
10/11/2022 17:29;499.987
10/11/2022 17:29;499.998
10/11/2022 17:29;500.011
10/11/2022 17:30;499.998
10/11/2022 17:30;499.983
10/11/2022 17:30;499.972
10/11/2022 17:30;499.988
10/11/2022 17:30;500.018
10/11/2022 17:30;500.013
10/11/2022 17:30;49.999
10/11/2022 17:30;499.977
10/11/2022 17:30;499.984
10/11/2022 17:30;49.999
10/11/2022 17:30;499.996
10/11/2022 17:30;500.008
10/11/2022 17:30;500.022
10/11/2022 17:30;500.032
10/11/2022 17:30;50.004
10/11/2022 17:30;500.046
10/11/2022 17:30;500.049
10/11/2022 17:30;500.064
10/11/2022 17:30;500.089
10/11/2022 17:30;500.073
10/11/2022 17:30;500.061
10/11/2022 17:30;50.003
10/11/2022 17:30;50.001
10/11/2022 17:30;500.001
10/11/2022 17:30;500.005
10/11/2022 17:30;500.011
10/11/2022 17:30;500.016
10/11/2022 17:30;500.018
10/11/2022 17:30;500.022
10/11/2022 17:30;500.029
10/11/2022 17:30;500.034
10/11/2022 17:30;50.007
10/11/2022 17:30;500.067
10/11/2022 17:30;500.061
10/11/2022 17:30;500.057
10/11/2022 17:30;500.058
10/11/2022 17:30;500.024
10/11/2022 17:30;499.995
10/11/2022 17:30;499.973
10/11/2022 17:30;499.999
10/11/2022 17:30;500.049
10/11/2022 17:30;500.046
10/11/2022 17:30;500.006
10/11/2022 17:30;499.971
10/11/2022 17:30;499.963
10/11/2022 17:30;499.968
10/11/2022 17:30;499.971
10/11/2022 17:30;49.997
10/11/2022 17:30;499.971
10/11/2022 17:30;499.974
10/11/2022 17:30;499.977
10/11/2022 17:30;49.998
10/11/2022 17:30;499.981
10/11/2022 17:30;499.981
10/11/2022 17:30;499.977
10/11/2022 17:30;49.996
10/11/2022 17:30;499.957
10/11/2022 17:30;499.953
10/11/2022 17:31;49.995
10/11/2022 17:31;499.922
10/11/2022 17:31;499.877
10/11/2022 17:31;499.861
10/11/2022 17:31;499.865
10/11/2022 17:31;499.887
10/11/2022 17:31;499.896
10/11/2022 17:31;499.869
10/11/2022 17:31;499.853
10/11/2022 17:31;499.829
10/11/2022 17:31;499.828
10/11/2022 17:31;499.833
10/11/2022 17:31;499.838
10/11/2022 17:31;499.828
10/11/2022 17:31;49.981
10/11/2022 17:31;499.786
10/11/2022 17:31;499.765
10/11/2022 17:31;499.771
10/11/2022 17:31;499.785
10/11/2022 17:31;499.772
10/11/2022 17:31;499.741
10/11/2022 17:31;499.719
10/11/2022 17:31;49.972
10/11/2022 17:31;499.731
10/11/2022 17:31;499.739
10/11/2022 17:31;499.732
10/11/2022 17:31;499.739
10/11/2022 17:31;499.734
10/11/2022 17:31;499.734
10/11/2022 17:31;499.746
10/11/2022 17:31;499.764
10/11/2022 17:31;499.761
10/11/2022 17:31;499.745
10/11/2022 17:31;499.735
10/11/2022 17:31;499.733
10/11/2022 17:31;499.737
10/11/2022 17:31;499.742
10/11/2022 17:31;499.747
10/11/2022 17:31;49.975
10/11/2022 17:31;499.754
10/11/2022 17:31;499.757
10/11/2022 17:31;499.763
10/11/2022 17:31;499.779
10/11/2022 17:31;499.798
10/11/2022 17:31;499.821
10/11/2022 17:31;499.836
10/11/2022 17:31;499.857
10/11/2022 17:31;49.988
10/11/2022 17:31;49.99
10/11/2022 17:31;49.992
10/11/2022 17:31;499.931
10/11/2022 17:31;499.946
10/11/2022 17:31;499.951
10/11/2022 17:31;499.945
10/11/2022 17:31;499.946
10/11/2022 17:31;499.951
10/11/2022 17:31;499.958
10/11/2022 17:31;499.975
10/11/2022 17:31;499.984
10/11/2022 17:31;499.969
10/11/2022 17:32;499.935
10/11/2022 17:32;499.911
10/11/2022 17:32;499.909
10/11/2022 17:32;499.919
10/11/2022 17:32;499.928
10/11/2022 17:32;499.937
10/11/2022 17:32;499.943
10/11/2022 17:32;499.951
10/11/2022 17:32;499.956
10/11/2022 17:32;499.963
10/11/2022 17:32;499.969
10/11/2022 17:32;499.976
10/11/2022 17:32;499.959
10/11/2022 17:32;499.948
10/11/2022 17:32;499.923
10/11/2022 17:32;499.907
10/11/2022 17:32;499.914
10/11/2022 17:32;49.992
10/11/2022 17:32;499.925
10/11/2022 17:32;499.926
10/11/2022 17:32;499.926
10/11/2022 17:32;499.922
10/11/2022 17:32;499.912
10/11/2022 17:32;499.907
10/11/2022 17:32;499.909
10/11/2022 17:32;499.911
10/11/2022 17:32;499.874
10/11/2022 17:32;499.809
10/11/2022 17:32;499.757
10/11/2022 17:32;499.775
10/11/2022 17:32;499.803
10/11/2022 17:32;499.777
10/11/2022 17:32;49.972
10/11/2022 17:32;499.711
10/11/2022 17:32;49.972
10/11/2022 17:32;499.729
10/11/2022 17:32;49.974
10/11/2022 17:32;499.753
10/11/2022 17:32;499.763
10/11/2022 17:32;49.977
10/11/2022 17:32;499.776
10/11/2022 17:32;499.788
10/11/2022 17:32;499.802
10/11/2022 17:32;499.813
10/11/2022 17:32;499.815
10/11/2022 17:32;499.814
10/11/2022 17:32;49.981
10/11/2022 17:32;499.807
10/11/2022 17:32;49.981
10/11/2022 17:32;499.761
10/11/2022 17:32;499.734
10/11/2022 17:32;499.711
10/11/2022 17:32;499.727
10/11/2022 17:32;499.743
10/11/2022 17:32;499.757
10/11/2022 17:32;499.771
10/11/2022 17:32;499.783
10/11/2022 17:32;499.796
10/11/2022 17:32;499.808
10/11/2022 17:32;499.826
10/11/2022 17:33;499.836
10/11/2022 17:33;499.848
10/11/2022 17:33;499.857
10/11/2022 17:33;499.856
10/11/2022 17:33;499.834
10/11/2022 17:33;499.829
10/11/2022 17:33;499.844
10/11/2022 17:33;499.874
10/11/2022 17:33;499.882
10/11/2022 17:33;499.856
10/11/2022 17:33;499.837
10/11/2022 17:33;499.845
10/11/2022 17:33;49.985
10/11/2022 17:33;499.849
10/11/2022 17:33;499.851
10/11/2022 17:33;499.851
10/11/2022 17:33;499.848
10/11/2022 17:33;499.841
10/11/2022 17:33;49.983
10/11/2022 17:33;499.825
10/11/2022 17:33;49.982
10/11/2022 17:33;499.808
10/11/2022 17:33;499.785
10/11/2022 17:33;499.755
10/11/2022 17:33;499.744
10/11/2022 17:33;49.975
10/11/2022 17:33;49.976
10/11/2022 17:33;499.759
10/11/2022 17:33;499.761
10/11/2022 17:33;499.769
10/11/2022 17:33;499.773
10/11/2022 17:33;499.763
10/11/2022 17:33;499.752
10/11/2022 17:33;499.703
10/11/2022 17:33;499.683
10/11/2022 17:33;499.691
10/11/2022 17:33;499.692
10/11/2022 17:33;499.697
10/11/2022 17:33;499.697
10/11/2022 17:33;499.692
10/11/2022 17:33;499.693
10/11/2022 17:33;499.698
10/11/2022 17:33;499.714
10/11/2022 17:33;499.729
10/11/2022 17:33;499.735
10/11/2022 17:33;499.739
10/11/2022 17:33;499.751
10/11/2022 17:33;499.761
10/11/2022 17:33;499.762
10/11/2022 17:33;49.976
10/11/2022 17:33;499.748
10/11/2022 17:33;499.697
10/11/2022 17:33;499.655
10/11/2022 17:33;499.667
10/11/2022 17:33;499.675
10/11/2022 17:33;499.683
10/11/2022 17:33;49.97
10/11/2022 17:33;499.735
10/11/2022 17:33;499.698
10/11/2022 17:33;499.685
10/11/2022 17:34;499.692
10/11/2022 17:34;499.711
10/11/2022 17:34;499.725
10/11/2022 17:34;499.743
10/11/2022 17:34;49.976
10/11/2022 17:34;499.769
10/11/2022 17:34;499.761
10/11/2022 17:34;499.759
10/11/2022 17:34;499.726
10/11/2022 17:34;499.671
10/11/2022 17:34;499.655
10/11/2022 17:34;499.659
10/11/2022 17:34;499.651
10/11/2022 17:34;499.647
10/11/2022 17:34;499.655
10/11/2022 17:34;499.671
10/11/2022 17:34;499.694
10/11/2022 17:34;49.971
10/11/2022 17:34;49.969
10/11/2022 17:34;499.678
10/11/2022 17:34;499.678
10/11/2022 17:34;499.692
10/11/2022 17:34;499.693
10/11/2022 17:34;499.694
10/11/2022 17:34;49.969
10/11/2022 17:34;499.706
10/11/2022 17:34;499.706
10/11/2022 17:34;499.692
10/11/2022 17:34;499.676
10/11/2022 17:34;499.646
10/11/2022 17:34;499.644
10/11/2022 17:34;499.658
10/11/2022 17:34;499.659
10/11/2022 17:34;499.657
10/11/2022 17:34;499.655
10/11/2022 17:34;499.674
10/11/2022 17:34;499.695
10/11/2022 17:34;499.707
10/11/2022 17:34;499.689
10/11/2022 17:34;49.966
10/11/2022 17:34;499.638
10/11/2022 17:34;499.629
10/11/2022 17:34;499.613
10/11/2022 17:34;499.606
10/11/2022 17:34;49.962
10/11/2022 17:34;499.642
10/11/2022 17:34;499.654
10/11/2022 17:34;499.664
10/11/2022 17:34;499.683
10/11/2022 17:34;499.697
10/11/2022 17:34;499.706
10/11/2022 17:34;499.718
10/11/2022 17:34;499.735
10/11/2022 17:34;499.753
10/11/2022 17:34;499.756
10/11/2022 17:34;499.701
10/11/2022 17:34;499.655
10/11/2022 17:34;499.641
10/11/2022 17:34;499.654
10/11/2022 17:34;499.671
10/11/2022 17:35;499.691
10/11/2022 17:35;499.707
10/11/2022 17:35;499.716
10/11/2022 17:35;499.723
10/11/2022 17:35;49.974
10/11/2022 17:35;499.756
10/11/2022 17:35;49.974
10/11/2022 17:35;499.738
10/11/2022 17:35;499.729
10/11/2022 17:35;499.731
10/11/2022 17:35;499.748
10/11/2022 17:35;499.755
10/11/2022 17:35;499.754
10/11/2022 17:35;499.755
10/11/2022 17:35;499.767
10/11/2022 17:35;499.764
10/11/2022 17:35;499.765
10/11/2022 17:35;499.774
10/11/2022 17:35;499.723
10/11/2022 17:35;499.647
10/11/2022 17:35;499.696
10/11/2022 17:35;499.738
10/11/2022 17:35;499.718
10/11/2022 17:35;499.715
10/11/2022 17:35;499.698
10/11/2022 17:35;499.708
10/11/2022 17:35;499.718
10/11/2022 17:35;499.728
10/11/2022 17:35;499.741
10/11/2022 17:35;499.756
10/11/2022 17:35;499.763
10/11/2022 17:35;499.758
10/11/2022 17:35;499.728
10/11/2022 17:35;499.701
10/11/2022 17:35;499.689
10/11/2022 17:35;499.686
10/11/2022 17:35;499.666
10/11/2022 17:35;499.638
10/11/2022 17:35;499.645
10/11/2022 17:35;499.631
10/11/2022 17:35;499.658
10/11/2022 17:35;499.693
10/11/2022 17:35;499.712
10/11/2022 17:35;499.694
10/11/2022 17:35;499.688
10/11/2022 17:35;499.654
10/11/2022 17:35;499.687
10/11/2022 17:35;499.711
10/11/2022 17:35;499.661
10/11/2022 17:35;499.608
10/11/2022 17:35;499.576
10/11/2022 17:35;499.617
10/11/2022 17:35;499.655
10/11/2022 17:35;499.659
10/11/2022 17:35;499.648
10/11/2022 17:35;499.649
10/11/2022 17:35;499.847
10/11/2022 17:35;499.843
10/11/2022 17:36;499.847
10/11/2022 17:36;499.847
10/11/2022 17:36;499.811
10/11/2022 17:36;499.741
10/11/2022 17:36;499.694
10/11/2022 17:36;49.968
10/11/2022 17:36;49.969
10/11/2022 17:36;499.697
10/11/2022 17:36;499.708
10/11/2022 17:36;499.726
10/11/2022 17:36;499.745
10/11/2022 17:36;49.976
10/11/2022 17:36;499.769
10/11/2022 17:36;499.773
10/11/2022 17:36;49.978
10/11/2022 17:36;499.794
10/11/2022 17:36;499.806
10/11/2022 17:36;499.812
10/11/2022 17:36;499.815
10/11/2022 17:36;499.819
10/11/2022 17:36;499.817
10/11/2022 17:36;499.778
10/11/2022 17:36;499.714
10/11/2022 17:36;499.723
10/11/2022 17:36;499.734
10/11/2022 17:36;499.743
10/11/2022 17:36;49.975
10/11/2022 17:36;499.754
10/11/2022 17:36;499.753
10/11/2022 17:36;499.754
10/11/2022 17:36;499.764
10/11/2022 17:36;499.771
10/11/2022 17:36;499.785
10/11/2022 17:36;499.793
10/11/2022 17:36;499.804
10/11/2022 17:36;499.813
10/11/2022 17:36;499.822
10/11/2022 17:36;499.821
10/11/2022 17:36;49.981
10/11/2022 17:36;499.799
10/11/2022 17:36;499.778
10/11/2022 17:36;499.783
10/11/2022 17:36;499.788
10/11/2022 17:36;499.783
10/11/2022 17:36;499.775
10/11/2022 17:36;499.765
10/11/2022 17:36;499.761
10/11/2022 17:36;499.755
10/11/2022 17:36;499.754
10/11/2022 17:36;499.747
10/11/2022 17:36;499.742
10/11/2022 17:36;499.737
10/11/2022 17:36;499.736
10/11/2022 17:36;499.737
10/11/2022 17:36;499.731
10/11/2022 17:36;499.714
10/11/2022 17:36;499.714
10/11/2022 17:36;49.972
10/11/2022 17:36;499.729
10/11/2022 17:36;499.742
10/11/2022 17:37;499.744
10/11/2022 17:37;499.722
10/11/2022 17:37;499.731
10/11/2022 17:37;499.757
10/11/2022 17:37;49.977
10/11/2022 17:37;499.718
10/11/2022 17:37;499.673
10/11/2022 17:37;499.643
10/11/2022 17:37;499.679
10/11/2022 17:37;499.711
10/11/2022 17:37;49.973
10/11/2022 17:37;499.744
10/11/2022 17:37;49.975
10/11/2022 17:37;499.754
10/11/2022 17:37;499.735
10/11/2022 17:37;499.747
10/11/2022 17:37;499.771
10/11/2022 17:37;499.792
10/11/2022 17:37;49.979
10/11/2022 17:37;499.781
10/11/2022 17:37;49.977
10/11/2022 17:37;499.691
10/11/2022 17:37;499.631
10/11/2022 17:37;499.606
10/11/2022 17:37;499.622
10/11/2022 17:37;499.653
10/11/2022 17:37;499.655
10/11/2022 17:37;499.641
10/11/2022 17:37;499.633
10/11/2022 17:37;499.666
10/11/2022 17:37;499.699
10/11/2022 17:37;499.708
10/11/2022 17:37;499.696
10/11/2022 17:37;499.673
10/11/2022 17:37;49.971
10/11/2022 17:37;499.741
10/11/2022 17:37;499.688
10/11/2022 17:37;499.655
10/11/2022 17:37;49.961
10/11/2022 17:37;499.601
10/11/2022 17:37;499.639
10/11/2022 17:37;499.672
10/11/2022 17:37;499.662
10/11/2022 17:37;499.646
10/11/2022 17:37;499.666
10/11/2022 17:37;499.694
10/11/2022 17:37;499.721
10/11/2022 17:37;499.711
10/11/2022 17:37;499.699
10/11/2022 17:37;499.669
10/11/2022 17:37;499.698
10/11/2022 17:37;499.731
10/11/2022 17:37;499.744
10/11/2022 17:37;499.727
10/11/2022 17:37;499.723
10/11/2022 17:37;499.718
10/11/2022 17:37;499.718
10/11/2022 17:37;49.972
10/11/2022 17:37;499.732
10/11/2022 17:37;499.715
10/11/2022 17:38;499.709
10/11/2022 17:38;499.714
10/11/2022 17:38;499.733
10/11/2022 17:38;499.762
10/11/2022 17:38;499.789
10/11/2022 17:38;499.788
10/11/2022 17:38;499.794
10/11/2022 17:38;499.803
10/11/2022 17:38;499.811
10/11/2022 17:38;499.783
10/11/2022 17:38;49.977
10/11/2022 17:38;499.741
10/11/2022 17:38;499.716
10/11/2022 17:38;499.737
10/11/2022 17:38;499.754
10/11/2022 17:38;499.775
10/11/2022 17:38;499.759
10/11/2022 17:38;499.726
10/11/2022 17:38;499.672
10/11/2022 17:38;499.659
10/11/2022 17:38;499.655
10/11/2022 17:38;499.668
10/11/2022 17:38;499.681
10/11/2022 17:38;499.678
10/11/2022 17:38;499.692
10/11/2022 17:38;499.692
10/11/2022 17:38;499.664
10/11/2022 17:38;499.636
10/11/2022 17:38;499.628
10/11/2022 17:38;499.617
10/11/2022 17:38;499.594
10/11/2022 17:38;499.601
10/11/2022 17:38;499.622
10/11/2022 17:38;499.647
10/11/2022 17:38;499.654
10/11/2022 17:38;499.667
10/11/2022 17:38;499.683
10/11/2022 17:38;499.688
10/11/2022 17:38;499.697
10/11/2022 17:38;499.717
10/11/2022 17:38;499.732
10/11/2022 17:38;499.736
10/11/2022 17:38;499.725
10/11/2022 17:38;499.671
10/11/2022 17:38;499.637
10/11/2022 17:38;499.598
10/11/2022 17:38;499.614
10/11/2022 17:38;499.666
10/11/2022 17:38;499.687
10/11/2022 17:38;499.679
10/11/2022 17:38;49.968
10/11/2022 17:38;499.683
10/11/2022 17:38;499.718
10/11/2022 17:38;499.752
10/11/2022 17:38;499.748
10/11/2022 17:38;499.725
10/11/2022 17:38;499.727
10/11/2022 17:38;499.733
10/11/2022 17:38;499.723
10/11/2022 17:38;499.708
10/11/2022 17:39;499.695
10/11/2022 17:39;499.705
10/11/2022 17:39;499.721
10/11/2022 17:39;499.732
10/11/2022 17:39;499.704
10/11/2022 17:39;499.658
10/11/2022 17:39;499.662
10/11/2022 17:39;499.651
10/11/2022 17:39;499.682
10/11/2022 17:39;499.714
10/11/2022 17:39;499.724
10/11/2022 17:39;499.699
10/11/2022 17:39;499.686
10/11/2022 17:39;499.711
10/11/2022 17:39;499.739
10/11/2022 17:39;499.726
10/11/2022 17:39;499.697
10/11/2022 17:39;499.676
10/11/2022 17:39;499.661
10/11/2022 17:39;499.638
10/11/2022 17:39;499.623
10/11/2022 17:39;499.622
10/11/2022 17:39;49.961
10/11/2022 17:39;49.961
10/11/2022 17:39;499.621
10/11/2022 17:39;499.639
10/11/2022 17:39;499.625
10/11/2022 17:39;499.591
10/11/2022 17:39;499.578
10/11/2022 17:39;499.561
10/11/2022 17:39;499.539
10/11/2022 17:39;499.559
10/11/2022 17:39;499.602
10/11/2022 17:39;499.635
10/11/2022 17:39;499.634
10/11/2022 17:39;499.628
10/11/2022 17:39;499.621
10/11/2022 17:39;499.639
10/11/2022 17:39;499.659
10/11/2022 17:39;499.654
10/11/2022 17:39;499.632
10/11/2022 17:39;499.617
10/11/2022 17:39;499.653
10/11/2022 17:39;499.691
10/11/2022 17:39;499.669
10/11/2022 17:39;499.611
10/11/2022 17:39;499.602
10/11/2022 17:39;499.643
10/11/2022 17:39;499.677
10/11/2022 17:39;499.668
10/11/2022 17:39;499.659
10/11/2022 17:39;499.654
10/11/2022 17:39;499.665
10/11/2022 17:39;499.685
10/11/2022 17:39;499.689
10/11/2022 17:39;499.685
10/11/2022 17:39;499.674
10/11/2022 17:39;499.668
10/11/2022 17:39;499.671
10/11/2022 17:39;499.675
10/11/2022 17:40;49.967
10/11/2022 17:40;499.669
10/11/2022 17:40;499.662
10/11/2022 17:40;499.671
10/11/2022 17:40;499.689
10/11/2022 17:40;499.698
10/11/2022 17:40;499.704
10/11/2022 17:40;499.715
10/11/2022 17:40;499.725
10/11/2022 17:40;499.724
10/11/2022 17:40;499.734
10/11/2022 17:40;499.748
10/11/2022 17:40;499.757
10/11/2022 17:40;499.757
10/11/2022 17:40;499.756
10/11/2022 17:40;499.757
10/11/2022 17:40;499.762
10/11/2022 17:40;499.777
10/11/2022 17:40;499.795
10/11/2022 17:40;499.791
10/11/2022 17:40;499.759
10/11/2022 17:40;499.717
10/11/2022 17:40;499.748
10/11/2022 17:40;49.98
10/11/2022 17:40;499.839
10/11/2022 17:40;499.834
10/11/2022 17:40;499.824
10/11/2022 17:40;499.816
10/11/2022 17:40;499.806
10/11/2022 17:40;499.808
10/11/2022 17:40;499.813
10/11/2022 17:40;499.818
10/11/2022 17:40;499.809
10/11/2022 17:40;499.798
10/11/2022 17:40;49.978
10/11/2022 17:40;49.978
10/11/2022 17:40;499.809
10/11/2022 17:40;499.834
10/11/2022 17:40;499.832
10/11/2022 17:40;499.835
10/11/2022 17:40;499.827
10/11/2022 17:40;499.806
10/11/2022 17:40;499.791
10/11/2022 17:40;499.783
10/11/2022 17:40;499.773
10/11/2022 17:40;499.771
10/11/2022 17:40;499.724
10/11/2022 17:40;49.968
10/11/2022 17:40;499.688
10/11/2022 17:40;499.711
10/11/2022 17:40;499.727
10/11/2022 17:40;49.974
10/11/2022 17:40;499.753
10/11/2022 17:40;499.764
10/11/2022 17:40;499.775
10/11/2022 17:40;499.783
10/11/2022 17:40;500.032
10/11/2022 17:40;500.022
10/11/2022 17:41;500.008
10/11/2022 17:41;499.986
10/11/2022 17:41;499.962
10/11/2022 17:41;499.952
10/11/2022 17:41;49.994
10/11/2022 17:41;499.922
10/11/2022 17:41;499.909
10/11/2022 17:41;499.892
10/11/2022 17:41;499.881
10/11/2022 17:41;499.859
10/11/2022 17:41;499.846
10/11/2022 17:41;49.985
10/11/2022 17:41;49.985
10/11/2022 17:41;499.853
10/11/2022 17:41;499.856
10/11/2022 17:41;499.857
10/11/2022 17:41;499.856
10/11/2022 17:41;499.853
10/11/2022 17:41;499.854
10/11/2022 17:41;499.851
10/11/2022 17:41;499.848
10/11/2022 17:41;499.842
10/11/2022 17:41;499.845
10/11/2022 17:41;499.851
10/11/2022 17:41;499.859
10/11/2022 17:41;499.866
10/11/2022 17:41;499.867
10/11/2022 17:41;499.866
10/11/2022 17:41;499.892
10/11/2022 17:41;499.918
10/11/2022 17:41;499.936
10/11/2022 17:41;499.921
10/11/2022 17:41;49.989
10/11/2022 17:41;499.878
10/11/2022 17:41;499.895
10/11/2022 17:41;499.907
10/11/2022 17:41;499.907
10/11/2022 17:41;499.868
10/11/2022 17:41;499.848
10/11/2022 17:41;499.866
10/11/2022 17:41;49.989
10/11/2022 17:41;499.874
10/11/2022 17:41;499.798
10/11/2022 17:41;499.773
10/11/2022 17:41;499.805
10/11/2022 17:41;499.845
10/11/2022 17:41;499.859
10/11/2022 17:41;499.847
10/11/2022 17:41;499.845
10/11/2022 17:41;499.842
10/11/2022 17:41;499.833
10/11/2022 17:41;499.822
10/11/2022 17:41;499.814
10/11/2022 17:41;499.805
10/11/2022 17:41;499.801
10/11/2022 17:41;499.805
10/11/2022 17:41;499.812
10/11/2022 17:41;499.812
10/11/2022 17:41;499.835
10/11/2022 17:41;499.861
10/11/2022 17:42;499.879
10/11/2022 17:42;499.862
10/11/2022 17:42;499.842
10/11/2022 17:42;499.853
10/11/2022 17:42;499.876
10/11/2022 17:42;499.896
10/11/2022 17:42;499.885
10/11/2022 17:42;499.852
10/11/2022 17:42;499.869
10/11/2022 17:42;499.893
10/11/2022 17:42;499.913
10/11/2022 17:42;499.905
10/11/2022 17:42;49.99
10/11/2022 17:42;499.901
10/11/2022 17:42;49.989
10/11/2022 17:42;499.857
10/11/2022 17:42;499.819
10/11/2022 17:42;499.791
10/11/2022 17:42;499.772
10/11/2022 17:42;499.739
10/11/2022 17:42;499.713
10/11/2022 17:42;499.708
10/11/2022 17:42;499.717
10/11/2022 17:42;499.728
10/11/2022 17:42;499.745
10/11/2022 17:42;499.759
10/11/2022 17:42;499.771
10/11/2022 17:42;499.775
10/11/2022 17:42;499.765
10/11/2022 17:42;499.768
10/11/2022 17:42;499.774
10/11/2022 17:42;499.765
10/11/2022 17:42;49.974
10/11/2022 17:42;499.712
10/11/2022 17:42;499.706
10/11/2022 17:42;499.695
10/11/2022 17:42;499.674
10/11/2022 17:42;499.656
10/11/2022 17:42;499.663
10/11/2022 17:42;499.685
10/11/2022 17:42;499.716
10/11/2022 17:42;499.746
10/11/2022 17:42;499.771
10/11/2022 17:42;499.778
10/11/2022 17:42;499.772
10/11/2022 17:42;499.776
10/11/2022 17:42;499.787
10/11/2022 17:42;499.789
10/11/2022 17:42;499.787
10/11/2022 17:42;499.796
10/11/2022 17:42;499.805
10/11/2022 17:42;499.807
10/11/2022 17:42;499.801
10/11/2022 17:42;499.785
10/11/2022 17:42;49.977
10/11/2022 17:42;499.758
10/11/2022 17:42;499.756
10/11/2022 17:42;499.753
10/11/2022 17:42;499.751
10/11/2022 17:42;499.748
10/11/2022 17:43;499.744
10/11/2022 17:43;499.747
10/11/2022 17:43;499.741
10/11/2022 17:43;49.975
10/11/2022 17:43;499.759
10/11/2022 17:43;499.745
10/11/2022 17:43;499.747
10/11/2022 17:43;499.761
10/11/2022 17:43;499.776
10/11/2022 17:43;499.785
10/11/2022 17:43;499.797
10/11/2022 17:43;499.808
10/11/2022 17:43;499.821
10/11/2022 17:43;499.833
10/11/2022 17:43;499.839
10/11/2022 17:43;499.839
10/11/2022 17:43;499.834
10/11/2022 17:43;499.829
10/11/2022 17:43;499.813
10/11/2022 17:43;49.98
10/11/2022 17:43;499.792
10/11/2022 17:43;499.782
10/11/2022 17:43;49.977
10/11/2022 17:43;499.757
10/11/2022 17:43;499.746
10/11/2022 17:43;499.743
10/11/2022 17:43;499.749
10/11/2022 17:43;499.763
10/11/2022 17:43;499.773
10/11/2022 17:43;499.776
10/11/2022 17:43;499.781
10/11/2022 17:43;499.791
10/11/2022 17:43;49.98
10/11/2022 17:43;499.808
10/11/2022 17:43;499.814
10/11/2022 17:43;499.803
10/11/2022 17:43;499.795
10/11/2022 17:43;499.755
10/11/2022 17:43;499.734
10/11/2022 17:43;499.725
10/11/2022 17:43;499.727
10/11/2022 17:43;499.734
10/11/2022 17:43;499.737
10/11/2022 17:43;499.733
10/11/2022 17:43;499.728
10/11/2022 17:43;499.735
10/11/2022 17:43;499.734
10/11/2022 17:43;499.748
10/11/2022 17:43;499.764
10/11/2022 17:43;499.778
10/11/2022 17:43;499.786
10/11/2022 17:43;499.792
10/11/2022 17:43;499.803
10/11/2022 17:43;499.811
10/11/2022 17:43;499.819
10/11/2022 17:43;499.828
10/11/2022 17:43;499.832
10/11/2022 17:43;49.984
10/11/2022 17:43;499.844
10/11/2022 17:43;499.851
10/11/2022 17:44;499.868
10/11/2022 17:44;499.873
10/11/2022 17:44;499.871
10/11/2022 17:44;499.871
10/11/2022 17:44;499.856
10/11/2022 17:44;499.817
10/11/2022 17:44;499.851
10/11/2022 17:44;499.898
10/11/2022 17:44;499.886
10/11/2022 17:44;499.829
10/11/2022 17:44;499.796
10/11/2022 17:44;499.798
10/11/2022 17:44;499.809
10/11/2022 17:44;499.813
10/11/2022 17:44;499.802
10/11/2022 17:44;499.799
10/11/2022 17:44;499.799
10/11/2022 17:44;499.802
10/11/2022 17:44;499.805
10/11/2022 17:44;499.815
10/11/2022 17:44;499.823
10/11/2022 17:44;499.831
10/11/2022 17:44;499.835
10/11/2022 17:44;499.837
10/11/2022 17:44;499.837
10/11/2022 17:44;499.843
10/11/2022 17:44;499.849
10/11/2022 17:44;49.985
10/11/2022 17:44;499.843
10/11/2022 17:44;49.984
10/11/2022 17:44;499.844
10/11/2022 17:44;499.847
10/11/2022 17:44;499.842
10/11/2022 17:44;499.827
10/11/2022 17:44;499.812
10/11/2022 17:44;499.811
10/11/2022 17:44;499.799
10/11/2022 17:44;499.801
10/11/2022 17:44;49.981
10/11/2022 17:44;499.815
10/11/2022 17:44;49.982
10/11/2022 17:44;499.824
10/11/2022 17:44;499.832
10/11/2022 17:44;499.836
10/11/2022 17:44;499.845
10/11/2022 17:44;499.824
10/11/2022 17:44;499.795
10/11/2022 17:44;499.791
10/11/2022 17:44;499.804
10/11/2022 17:44;499.822
10/11/2022 17:44;499.836
10/11/2022 17:44;499.847
10/11/2022 17:44;499.863
10/11/2022 17:44;499.874
10/11/2022 17:44;499.881
10/11/2022 17:44;499.887
10/11/2022 17:44;499.887
10/11/2022 17:44;499.885
10/11/2022 17:44;499.887
10/11/2022 17:44;499.894
10/11/2022 17:45;499.902
10/11/2022 17:45;49.991
10/11/2022 17:45;499.914
10/11/2022 17:45;499.919
10/11/2022 17:45;499.931
10/11/2022 17:45;499.925
10/11/2022 17:45;499.905
10/11/2022 17:45;49.989
10/11/2022 17:45;49.99
10/11/2022 17:45;499.925
10/11/2022 17:45;499.946
10/11/2022 17:45;499.926
10/11/2022 17:45;499.913
10/11/2022 17:45;499.899
10/11/2022 17:45;499.937
10/11/2022 17:45;499.959
10/11/2022 17:45;499.954
10/11/2022 17:45;499.929
10/11/2022 17:45;499.913
10/11/2022 17:45;499.958
10/11/2022 17:45;499.982
10/11/2022 17:45;499.982
10/11/2022 17:45;499.969
10/11/2022 17:45;499.951
10/11/2022 17:45;499.971
10/11/2022 17:45;499.985
10/11/2022 17:45;499.992
10/11/2022 17:45;500.004
10/11/2022 17:45;50.004
10/11/2022 17:45;500.064
10/11/2022 17:45;50.005
10/11/2022 17:45;500.034
10/11/2022 17:45;500.029
10/11/2022 17:45;500.037
10/11/2022 17:45;500.043
10/11/2022 17:45;500.045
10/11/2022 17:45;500.047
10/11/2022 17:45;500.048
10/11/2022 17:45;500.045
10/11/2022 17:45;500.039
10/11/2022 17:45;500.034
10/11/2022 17:45;500.028
10/11/2022 17:45;500.023
10/11/2022 17:45;50.002
10/11/2022 17:45;500.015
10/11/2022 17:45;50.001
10/11/2022 17:45;500.006
10/11/2022 17:45;500.005
10/11/2022 17:45;500.005
10/11/2022 17:45;500.003
10/11/2022 17:45;499.998
10/11/2022 17:45;499.994
10/11/2022 17:45;499.986
10/11/2022 17:45;499.974
10/11/2022 17:45;499.967
10/11/2022 17:45;49.996
10/11/2022 17:45;500.076
10/11/2022 17:46;500.036
10/11/2022 17:46;500.001
10/11/2022 17:46;50.0
10/11/2022 17:46;50.001
10/11/2022 17:46;500.015
10/11/2022 17:46;499.968
10/11/2022 17:46;499.939
10/11/2022 17:46;499.954
10/11/2022 17:46;499.972
10/11/2022 17:46;499.948
10/11/2022 17:46;499.865
10/11/2022 17:46;499.949
10/11/2022 17:46;499.887
10/11/2022 17:46;499.824
10/11/2022 17:46;499.857
10/11/2022 17:46;499.889
10/11/2022 17:46;499.848
10/11/2022 17:46;499.795
10/11/2022 17:46;499.759
10/11/2022 17:46;499.789
10/11/2022 17:46;499.823
10/11/2022 17:46;499.822
10/11/2022 17:46;499.804
10/11/2022 17:46;499.791
10/11/2022 17:46;499.819
10/11/2022 17:46;499.859
10/11/2022 17:46;499.833
10/11/2022 17:46;499.827
10/11/2022 17:46;499.864
10/11/2022 17:46;499.889
10/11/2022 17:46;499.877
10/11/2022 17:46;499.873
10/11/2022 17:46;499.871
10/11/2022 17:46;499.897
10/11/2022 17:46;499.918
10/11/2022 17:46;499.936
10/11/2022 17:46;499.935
10/11/2022 17:46;499.936
10/11/2022 17:46;499.933
10/11/2022 17:46;499.931
10/11/2022 17:46;499.923
10/11/2022 17:46;49.992
10/11/2022 17:46;499.917
10/11/2022 17:46;499.918
10/11/2022 17:46;499.915
10/11/2022 17:46;499.904
10/11/2022 17:46;499.882
10/11/2022 17:46;499.848
10/11/2022 17:46;499.815
10/11/2022 17:46;499.806
10/11/2022 17:46;49.983
10/11/2022 17:46;499.849
10/11/2022 17:46;499.876
10/11/2022 17:46;499.869
10/11/2022 17:46;49.986
10/11/2022 17:46;499.854
10/11/2022 17:46;499.847
10/11/2022 17:46;499.846
10/11/2022 17:46;499.849
10/11/2022 17:46;499.855
10/11/2022 17:47;499.855
10/11/2022 17:47;499.857
10/11/2022 17:47;499.853
10/11/2022 17:47;499.856
10/11/2022 17:47;49.986
10/11/2022 17:47;499.865
10/11/2022 17:47;499.874
10/11/2022 17:47;499.879
10/11/2022 17:47;499.883
10/11/2022 17:47;49.99
10/11/2022 17:47;49.992
10/11/2022 17:47;499.938
10/11/2022 17:47;499.948
10/11/2022 17:47;499.951
10/11/2022 17:47;499.954
10/11/2022 17:47;499.956
10/11/2022 17:47;499.958
10/11/2022 17:47;499.961
10/11/2022 17:47;499.961
10/11/2022 17:47;499.958
10/11/2022 17:47;499.952
10/11/2022 17:47;499.951
10/11/2022 17:47;499.966
10/11/2022 17:47;499.976
10/11/2022 17:47;499.985
10/11/2022 17:47;499.983
10/11/2022 17:47;499.975
10/11/2022 17:47;49.997
10/11/2022 17:47;499.963
10/11/2022 17:47;499.957
10/11/2022 17:47;499.952
10/11/2022 17:47;499.946
10/11/2022 17:47;499.944
10/11/2022 17:47;499.941
10/11/2022 17:47;499.934
10/11/2022 17:47;499.924
10/11/2022 17:47;49.992
10/11/2022 17:47;49.992
10/11/2022 17:47;499.922
10/11/2022 17:47;499.925
10/11/2022 17:47;49.993
10/11/2022 17:47;499.934
10/11/2022 17:47;499.938
10/11/2022 17:47;49.994
10/11/2022 17:47;499.941
10/11/2022 17:47;499.938
10/11/2022 17:47;499.932
10/11/2022 17:47;499.929
10/11/2022 17:47;499.925
10/11/2022 17:47;499.921
10/11/2022 17:47;499.952
10/11/2022 17:47;499.984
10/11/2022 17:47;499.996
10/11/2022 17:47;499.991
10/11/2022 17:47;499.988
10/11/2022 17:47;499.981
10/11/2022 17:47;499.976
10/11/2022 17:47;499.977
10/11/2022 17:47;499.979
10/11/2022 17:47;499.978
10/11/2022 17:48;499.973
10/11/2022 17:48;499.972
10/11/2022 17:48;499.961
10/11/2022 17:48;499.951
10/11/2022 17:48;499.949
10/11/2022 17:48;499.938
10/11/2022 17:48;49.993
10/11/2022 17:48;499.918
10/11/2022 17:48;49.991
10/11/2022 17:48;499.909
10/11/2022 17:48;499.901
10/11/2022 17:48;499.895
10/11/2022 17:48;49.988
10/11/2022 17:48;499.865
10/11/2022 17:48;499.848
10/11/2022 17:48;499.828
10/11/2022 17:48;499.818
10/11/2022 17:48;499.822
10/11/2022 17:48;499.831
10/11/2022 17:48;499.841
10/11/2022 17:48;499.849
10/11/2022 17:48;499.869
10/11/2022 17:48;499.899
10/11/2022 17:48;499.914
10/11/2022 17:48;499.915
10/11/2022 17:48;49.992
10/11/2022 17:48;499.926
10/11/2022 17:48;499.927
10/11/2022 17:48;499.926
10/11/2022 17:48;499.937
10/11/2022 17:48;499.948
10/11/2022 17:48;499.959
10/11/2022 17:48;499.966
10/11/2022 17:48;499.974
10/11/2022 17:48;499.981
10/11/2022 17:48;499.987
10/11/2022 17:48;499.991
10/11/2022 17:48;499.998
10/11/2022 17:48;500.014
10/11/2022 17:48;500.023
10/11/2022 17:48;500.027
10/11/2022 17:48;50.003
10/11/2022 17:48;500.019
10/11/2022 17:48;500.018
10/11/2022 17:48;500.016
10/11/2022 17:48;499.979
10/11/2022 17:48;49.996
10/11/2022 17:48;499.954
10/11/2022 17:48;49.995
10/11/2022 17:48;499.942
10/11/2022 17:48;499.936
10/11/2022 17:48;499.934
10/11/2022 17:48;499.933
10/11/2022 17:48;499.936
10/11/2022 17:48;499.938
10/11/2022 17:48;499.935
10/11/2022 17:48;499.926
10/11/2022 17:48;499.918
10/11/2022 17:48;499.915
10/11/2022 17:48;499.913
10/11/2022 17:49;499.916
10/11/2022 17:49;49.992
10/11/2022 17:49;499.917
10/11/2022 17:49;499.912
10/11/2022 17:49;499.914
10/11/2022 17:49;499.909
10/11/2022 17:49;499.908
10/11/2022 17:49;499.911
10/11/2022 17:49;499.919
10/11/2022 17:49;499.917
10/11/2022 17:49;499.912
10/11/2022 17:49;499.912
10/11/2022 17:49;499.918
10/11/2022 17:49;499.913
10/11/2022 17:49;499.909
10/11/2022 17:49;499.907
10/11/2022 17:49;49.987
10/11/2022 17:49;499.837
10/11/2022 17:49;499.803
10/11/2022 17:49;49.981
10/11/2022 17:49;499.815
10/11/2022 17:49;49.982
10/11/2022 17:49;499.833
10/11/2022 17:49;49.984
10/11/2022 17:49;499.848
10/11/2022 17:49;499.855
10/11/2022 17:49;499.864
10/11/2022 17:49;499.881
10/11/2022 17:49;499.897
10/11/2022 17:49;499.913
10/11/2022 17:49;499.914
10/11/2022 17:49;499.914
10/11/2022 17:49;499.913
10/11/2022 17:49;49.991
10/11/2022 17:49;499.899
10/11/2022 17:49;499.895
10/11/2022 17:49;499.899
10/11/2022 17:49;499.907
10/11/2022 17:49;499.917
10/11/2022 17:49;499.925
10/11/2022 17:49;499.933
10/11/2022 17:49;49.994
10/11/2022 17:49;499.946
10/11/2022 17:49;499.947
10/11/2022 17:49;49.995
10/11/2022 17:49;499.962
10/11/2022 17:49;49.998
10/11/2022 17:49;499.996
10/11/2022 17:49;500.002
10/11/2022 17:49;499.985
10/11/2022 17:49;499.969
10/11/2022 17:49;499.961
10/11/2022 17:49;499.949
10/11/2022 17:49;499.947
10/11/2022 17:49;49.997
10/11/2022 17:49;499.982
10/11/2022 17:49;499.946
10/11/2022 17:49;49.992
10/11/2022 17:49;499.925
10/11/2022 17:49;499.941
10/11/2022 17:50;499.951
10/11/2022 17:50;49.993
10/11/2022 17:50;499.875
10/11/2022 17:50;499.899
10/11/2022 17:50;499.929
10/11/2022 17:50;499.948
10/11/2022 17:50;499.888
10/11/2022 17:50;499.827
10/11/2022 17:50;499.876
10/11/2022 17:50;499.921
10/11/2022 17:50;499.949
10/11/2022 17:50;499.935
10/11/2022 17:50;499.913
10/11/2022 17:50;499.902
10/11/2022 17:50;499.892
10/11/2022 17:50;49.988
10/11/2022 17:50;499.867
10/11/2022 17:50;49.986
10/11/2022 17:50;499.859
10/11/2022 17:50;499.847
10/11/2022 17:50;499.836
10/11/2022 17:50;49.983
10/11/2022 17:50;499.828
10/11/2022 17:50;499.836
10/11/2022 17:50;49.984
10/11/2022 17:50;499.832
10/11/2022 17:50;499.828
10/11/2022 17:50;499.833
10/11/2022 17:50;499.834
10/11/2022 17:50;499.833
10/11/2022 17:50;499.836
10/11/2022 17:50;49.984
10/11/2022 17:50;499.848
10/11/2022 17:50;499.855
10/11/2022 17:50;499.853
10/11/2022 17:50;499.846
10/11/2022 17:50;499.837
10/11/2022 17:50;499.822
10/11/2022 17:50;499.814
10/11/2022 17:50;499.811
10/11/2022 17:50;499.807
10/11/2022 17:50;499.808
10/11/2022 17:50;499.808
10/11/2022 17:50;499.809
10/11/2022 17:50;499.795
10/11/2022 17:50;499.788
10/11/2022 17:50;499.784
10/11/2022 17:50;499.788
10/11/2022 17:50;499.792
10/11/2022 17:50;499.801
10/11/2022 17:50;499.814
10/11/2022 17:50;499.824
10/11/2022 17:50;499.833
10/11/2022 17:50;499.841
10/11/2022 17:50;499.852
10/11/2022 17:50;499.864
10/11/2022 17:50;499.874
10/11/2022 17:50;500.008
10/11/2022 17:51;500.007
10/11/2022 17:51;500.007
10/11/2022 17:51;500.004
10/11/2022 17:51;500.001
10/11/2022 17:51;50.0
10/11/2022 17:51;499.998
10/11/2022 17:51;499.996
10/11/2022 17:51;499.994
10/11/2022 17:51;499.984
10/11/2022 17:51;499.982
10/11/2022 17:51;499.978
10/11/2022 17:51;499.975
10/11/2022 17:51;499.972
10/11/2022 17:51;499.968
10/11/2022 17:51;499.967
10/11/2022 17:51;499.964
10/11/2022 17:51;499.961
10/11/2022 17:51;49.995
10/11/2022 17:51;499.933
10/11/2022 17:51;499.916
10/11/2022 17:51;499.895
10/11/2022 17:51;499.864
10/11/2022 17:51;49.984
10/11/2022 17:51;499.816
10/11/2022 17:51;499.817
10/11/2022 17:51;499.839
10/11/2022 17:51;499.859
10/11/2022 17:51;499.827
10/11/2022 17:51;499.796
10/11/2022 17:51;499.788
10/11/2022 17:51;499.797
10/11/2022 17:51;49.98
10/11/2022 17:51;499.774
10/11/2022 17:51;499.752
10/11/2022 17:51;499.772
10/11/2022 17:51;499.804
10/11/2022 17:51;499.828
10/11/2022 17:51;499.808
10/11/2022 17:51;499.784
10/11/2022 17:51;499.796
10/11/2022 17:51;499.826
10/11/2022 17:51;499.846
10/11/2022 17:51;499.815
10/11/2022 17:51;499.791
10/11/2022 17:51;499.771
10/11/2022 17:51;499.757
10/11/2022 17:51;499.736
10/11/2022 17:51;499.728
10/11/2022 17:51;499.724
10/11/2022 17:51;499.728
10/11/2022 17:51;499.741
10/11/2022 17:51;499.757
10/11/2022 17:51;499.772
10/11/2022 17:51;499.801
10/11/2022 17:51;499.825
10/11/2022 17:51;499.842
10/11/2022 17:51;499.832
10/11/2022 17:51;499.814
10/11/2022 17:51;499.812
10/11/2022 17:51;499.838
10/11/2022 17:52;499.861
10/11/2022 17:52;499.874
10/11/2022 17:52;499.877
10/11/2022 17:52;49.987
10/11/2022 17:52;499.865
10/11/2022 17:52;499.861
10/11/2022 17:52;499.858
10/11/2022 17:52;499.844
10/11/2022 17:52;499.828
10/11/2022 17:52;499.816
10/11/2022 17:52;499.804
10/11/2022 17:52;499.789
10/11/2022 17:52;499.821
10/11/2022 17:52;499.855
10/11/2022 17:52;499.877
10/11/2022 17:52;499.857
10/11/2022 17:52;499.861
10/11/2022 17:52;499.846
10/11/2022 17:52;499.804
10/11/2022 17:52;49.977
10/11/2022 17:52;499.768
10/11/2022 17:52;499.787
10/11/2022 17:52;499.802
10/11/2022 17:52;499.818
10/11/2022 17:52;499.834
10/11/2022 17:52;499.847
10/11/2022 17:52;49.986
10/11/2022 17:52;499.874
10/11/2022 17:52;499.888
10/11/2022 17:52;499.899
10/11/2022 17:52;49.991
10/11/2022 17:52;499.905
10/11/2022 17:52;499.888
10/11/2022 17:52;499.879
10/11/2022 17:52;499.876
10/11/2022 17:52;499.873
10/11/2022 17:52;499.883
10/11/2022 17:52;499.896
10/11/2022 17:52;499.909
10/11/2022 17:52;499.908
10/11/2022 17:52;499.903
10/11/2022 17:52;49.99
10/11/2022 17:52;499.905
10/11/2022 17:52;499.923
10/11/2022 17:52;499.937
10/11/2022 17:52;49.993
10/11/2022 17:52;499.927
10/11/2022 17:52;499.926
10/11/2022 17:52;499.921
10/11/2022 17:52;499.922
10/11/2022 17:52;499.915
10/11/2022 17:52;49.992
10/11/2022 17:52;49.992
10/11/2022 17:52;499.913
10/11/2022 17:52;499.908
10/11/2022 17:52;499.907
10/11/2022 17:52;499.911
10/11/2022 17:52;499.947
10/11/2022 17:52;499.989
10/11/2022 17:52;500.014
10/11/2022 17:53;500.013
10/11/2022 17:53;500.003
10/11/2022 17:53;499.993
10/11/2022 17:53;499.984
10/11/2022 17:53;499.971
10/11/2022 17:53;499.952
10/11/2022 17:53;499.937
10/11/2022 17:53;499.922
10/11/2022 17:53;499.947
10/11/2022 17:53;499.979
10/11/2022 17:53;500.012
10/11/2022 17:53;500.009
10/11/2022 17:53;499.978
10/11/2022 17:53;499.913
10/11/2022 17:53;499.891
10/11/2022 17:53;499.933
10/11/2022 17:53;499.975
10/11/2022 17:53;499.934
10/11/2022 17:53;499.885
10/11/2022 17:53;499.853
10/11/2022 17:53;499.894
10/11/2022 17:53;499.926
10/11/2022 17:53;499.919
10/11/2022 17:53;499.899
10/11/2022 17:53;499.876
10/11/2022 17:53;499.856
10/11/2022 17:53;499.845
10/11/2022 17:53;499.843
10/11/2022 17:53;499.848
10/11/2022 17:53;499.854
10/11/2022 17:53;499.854
10/11/2022 17:53;499.854
10/11/2022 17:53;499.853
10/11/2022 17:53;499.859
10/11/2022 17:53;499.865
10/11/2022 17:53;499.866
10/11/2022 17:53;499.866
10/11/2022 17:53;499.866
10/11/2022 17:53;499.868
10/11/2022 17:53;499.873
10/11/2022 17:53;49.988
10/11/2022 17:53;499.886
10/11/2022 17:53;499.891
10/11/2022 17:53;499.895
10/11/2022 17:53;499.898
10/11/2022 17:53;499.898
10/11/2022 17:53;499.893
10/11/2022 17:53;499.892
10/11/2022 17:53;499.926
10/11/2022 17:53;499.958
10/11/2022 17:53;499.968
10/11/2022 17:53;499.933
10/11/2022 17:53;499.874
10/11/2022 17:53;499.914
10/11/2022 17:53;499.957
10/11/2022 17:53;499.968
10/11/2022 17:53;499.917
10/11/2022 17:53;499.869
10/11/2022 17:53;499.921
10/11/2022 17:53;499.973
10/11/2022 17:54;50.0
10/11/2022 17:54;499.966
10/11/2022 17:54;499.955
10/11/2022 17:54;499.953
10/11/2022 17:54;499.958
10/11/2022 17:54;499.994
10/11/2022 17:54;500.033
10/11/2022 17:54;500.055
10/11/2022 17:54;50.006
10/11/2022 17:54;500.073
10/11/2022 17:54;500.088
10/11/2022 17:54;500.095
10/11/2022 17:54;500.095
10/11/2022 17:54;500.095
10/11/2022 17:54;500.089
10/11/2022 17:54;50.009
10/11/2022 17:54;500.088
10/11/2022 17:54;500.091
10/11/2022 17:54;500.094
10/11/2022 17:54;500.092
10/11/2022 17:54;50.009
10/11/2022 17:54;500.087
10/11/2022 17:54;500.084
10/11/2022 17:54;50.008
10/11/2022 17:54;500.083
10/11/2022 17:54;500.088
10/11/2022 17:54;500.091
10/11/2022 17:54;500.095
10/11/2022 17:54;500.122
10/11/2022 17:54;500.142
10/11/2022 17:54;500.137
10/11/2022 17:54;500.134
10/11/2022 17:54;500.126
10/11/2022 17:54;500.125
10/11/2022 17:54;50.012
10/11/2022 17:54;500.112
10/11/2022 17:54;500.125
10/11/2022 17:54;500.183
10/11/2022 17:54;500.219
10/11/2022 17:54;500.202
10/11/2022 17:54;500.187
10/11/2022 17:54;500.172
10/11/2022 17:54;500.168
10/11/2022 17:54;500.138
10/11/2022 17:54;500.096
10/11/2022 17:54;500.089
10/11/2022 17:54;500.112
10/11/2022 17:54;500.124
10/11/2022 17:54;500.134
10/11/2022 17:54;50.013
10/11/2022 17:54;500.123
10/11/2022 17:54;500.113
10/11/2022 17:54;500.104
10/11/2022 17:54;500.092
10/11/2022 17:54;500.087
10/11/2022 17:54;500.078
10/11/2022 17:54;500.073
10/11/2022 17:54;500.068
10/11/2022 17:54;500.063
10/11/2022 17:54;500.056
10/11/2022 17:55;500.054
10/11/2022 17:55;500.052
10/11/2022 17:55;500.049
10/11/2022 17:55;500.048
10/11/2022 17:55;500.043
10/11/2022 17:55;500.041
10/11/2022 17:55;500.039
10/11/2022 17:55;500.041
10/11/2022 17:55;500.041
10/11/2022 17:55;500.042
10/11/2022 17:55;500.039
10/11/2022 17:55;500.038
10/11/2022 17:55;500.035
10/11/2022 17:55;500.032
10/11/2022 17:55;50.003
10/11/2022 17:55;500.024
10/11/2022 17:55;500.013
10/11/2022 17:55;500.001
10/11/2022 17:55;49.999
10/11/2022 17:55;499.978
10/11/2022 17:55;499.969
10/11/2022 17:55;499.955
10/11/2022 17:55;499.944
10/11/2022 17:55;499.938
10/11/2022 17:55;499.935
10/11/2022 17:55;499.929
10/11/2022 17:55;499.915
10/11/2022 17:55;499.889
10/11/2022 17:55;499.869
10/11/2022 17:55;499.861
10/11/2022 17:55;49.986
10/11/2022 17:55;49.986
10/11/2022 17:55;499.867
10/11/2022 17:55;499.898
10/11/2022 17:55;499.924
10/11/2022 17:55;499.958
10/11/2022 17:55;499.897
10/11/2022 17:55;499.866
10/11/2022 17:55;499.835
10/11/2022 17:55;499.824
10/11/2022 17:55;499.853
10/11/2022 17:55;499.875
10/11/2022 17:55;49.989
10/11/2022 17:55;499.879
10/11/2022 17:55;499.865
10/11/2022 17:55;49.986
10/11/2022 17:55;499.859
10/11/2022 17:55;499.864
10/11/2022 17:55;499.874
10/11/2022 17:55;499.882
10/11/2022 17:55;499.892
10/11/2022 17:55;499.902
10/11/2022 17:55;499.911
10/11/2022 17:55;499.917
10/11/2022 17:55;499.928
10/11/2022 17:55;499.939
10/11/2022 17:55;499.949
10/11/2022 17:55;500.164
10/11/2022 17:56;500.153
10/11/2022 17:56;500.138
10/11/2022 17:56;500.123
10/11/2022 17:56;500.109
10/11/2022 17:56;500.109
10/11/2022 17:56;500.109
10/11/2022 17:56;500.097
10/11/2022 17:56;500.084
10/11/2022 17:56;50.007
10/11/2022 17:56;500.054
10/11/2022 17:56;500.035
10/11/2022 17:56;500.021
10/11/2022 17:56;500.032
10/11/2022 17:56;500.027
10/11/2022 17:56;500.017
10/11/2022 17:56;500.031
10/11/2022 17:56;500.045
10/11/2022 17:56;500.055
10/11/2022 17:56;500.068
10/11/2022 17:56;500.069
10/11/2022 17:56;500.072
10/11/2022 17:56;500.076
10/11/2022 17:56;500.086
10/11/2022 17:56;50.01
10/11/2022 17:56;500.108
10/11/2022 17:56;500.112
10/11/2022 17:56;500.107
10/11/2022 17:56;500.111
10/11/2022 17:56;500.115
10/11/2022 17:56;500.115
10/11/2022 17:56;500.122
10/11/2022 17:56;500.124
10/11/2022 17:56;500.132
10/11/2022 17:56;500.142
10/11/2022 17:56;500.153
10/11/2022 17:56;500.158
10/11/2022 17:56;500.161
10/11/2022 17:56;500.161
10/11/2022 17:56;500.157
10/11/2022 17:56;500.151
10/11/2022 17:56;500.144
10/11/2022 17:56;500.173
10/11/2022 17:56;500.189
10/11/2022 17:56;500.194
10/11/2022 17:56;500.194
10/11/2022 17:56;500.187
10/11/2022 17:56;500.184
10/11/2022 17:56;500.189
10/11/2022 17:56;500.197
10/11/2022 17:56;500.171
10/11/2022 17:56;50.015
10/11/2022 17:56;500.194
10/11/2022 17:56;500.269
10/11/2022 17:56;500.285
10/11/2022 17:56;500.264
10/11/2022 17:56;500.214
10/11/2022 17:56;500.245
10/11/2022 17:56;500.282
10/11/2022 17:56;500.283
10/11/2022 17:56;50.027
10/11/2022 17:57;500.261
10/11/2022 17:57;50.025
10/11/2022 17:57;500.236
10/11/2022 17:57;500.228
10/11/2022 17:57;500.224
10/11/2022 17:57;500.215
10/11/2022 17:57;500.206
10/11/2022 17:57;500.198
10/11/2022 17:57;500.204
10/11/2022 17:57;500.226
10/11/2022 17:57;500.253
10/11/2022 17:57;500.271
10/11/2022 17:57;500.287
10/11/2022 17:57;500.308
10/11/2022 17:57;500.325
10/11/2022 17:57;500.324
10/11/2022 17:57;50.031
10/11/2022 17:57;500.293
10/11/2022 17:57;500.286
10/11/2022 17:57;500.296
10/11/2022 17:57;500.315
10/11/2022 17:57;500.321
10/11/2022 17:57;500.332
10/11/2022 17:57;500.348
10/11/2022 17:57;500.359
10/11/2022 17:57;500.362
10/11/2022 17:57;500.378
10/11/2022 17:57;50.039
10/11/2022 17:57;50.039
10/11/2022 17:57;50.037
10/11/2022 17:57;500.348
10/11/2022 17:57;500.342
10/11/2022 17:57;500.331
10/11/2022 17:57;500.315
10/11/2022 17:57;500.308
10/11/2022 17:57;500.299
10/11/2022 17:57;500.287
10/11/2022 17:57;500.298
10/11/2022 17:57;500.303
10/11/2022 17:57;500.334
10/11/2022 17:57;500.333
10/11/2022 17:57;500.294
10/11/2022 17:57;50.026
10/11/2022 17:57;500.303
10/11/2022 17:57;500.359
10/11/2022 17:57;500.361
10/11/2022 17:57;500.322
10/11/2022 17:57;50.029
10/11/2022 17:57;500.304
10/11/2022 17:57;500.316
10/11/2022 17:57;50.029
10/11/2022 17:57;500.257
10/11/2022 17:57;500.238
10/11/2022 17:57;500.245
10/11/2022 17:57;500.241
10/11/2022 17:57;500.246
10/11/2022 17:57;500.294
10/11/2022 17:57;500.326
10/11/2022 17:57;500.334
10/11/2022 17:57;500.349
10/11/2022 17:58;500.372
10/11/2022 17:58;500.372
10/11/2022 17:58;500.353
10/11/2022 17:58;500.338
10/11/2022 17:58;500.326
10/11/2022 17:58;500.315
10/11/2022 17:58;500.299
10/11/2022 17:58;500.295
10/11/2022 17:58;500.292
10/11/2022 17:58;500.285
10/11/2022 17:58;50.031
10/11/2022 17:58;500.337
10/11/2022 17:58;500.348
10/11/2022 17:58;500.364
10/11/2022 17:58;500.396
10/11/2022 17:58;500.404
10/11/2022 17:58;500.385
10/11/2022 17:58;500.372
10/11/2022 17:58;500.364
10/11/2022 17:58;500.346
10/11/2022 17:58;500.337
10/11/2022 17:58;50.033
10/11/2022 17:58;500.322
10/11/2022 17:58;500.372
10/11/2022 17:58;500.424
10/11/2022 17:58;500.413
10/11/2022 17:58;500.368
10/11/2022 17:58;50.038
10/11/2022 17:58;500.423
10/11/2022 17:58;50.042
10/11/2022 17:58;500.418
10/11/2022 17:58;500.381
10/11/2022 17:58;500.342
10/11/2022 17:58;500.346
10/11/2022 17:58;500.356
10/11/2022 17:58;500.372
10/11/2022 17:58;500.346
10/11/2022 17:58;500.309
10/11/2022 17:58;50.037
10/11/2022 17:58;500.427
10/11/2022 17:58;500.455
10/11/2022 17:58;500.434
10/11/2022 17:58;500.404
10/11/2022 17:58;500.382
10/11/2022 17:58;500.379
10/11/2022 17:58;500.351
10/11/2022 17:58;500.318
10/11/2022 17:58;500.285
10/11/2022 17:58;500.288
10/11/2022 17:58;500.298
10/11/2022 17:58;500.305
10/11/2022 17:58;50.035
10/11/2022 17:58;500.351
10/11/2022 17:58;500.332
10/11/2022 17:58;500.296
10/11/2022 17:58;500.324
10/11/2022 17:58;500.416
10/11/2022 17:58;500.384
10/11/2022 17:58;500.342
10/11/2022 17:58;500.335
10/11/2022 17:59;50.033
10/11/2022 17:59;500.321
10/11/2022 17:59;500.307
10/11/2022 17:59;500.309
10/11/2022 17:59;50.03
10/11/2022 17:59;500.297
10/11/2022 17:59;500.365
10/11/2022 17:59;500.419
10/11/2022 17:59;500.392
10/11/2022 17:59;500.352
10/11/2022 17:59;500.319
10/11/2022 17:59;50.034
10/11/2022 17:59;500.348
10/11/2022 17:59;500.341
10/11/2022 17:59;500.323
10/11/2022 17:59;50.032
10/11/2022 17:59;500.311
10/11/2022 17:59;500.292
10/11/2022 17:59;500.278
10/11/2022 17:59;500.274
10/11/2022 17:59;500.266
10/11/2022 17:59;500.252
10/11/2022 17:59;500.253
10/11/2022 17:59;500.266
10/11/2022 17:59;500.282
10/11/2022 17:59;50.029
10/11/2022 17:59;500.288
10/11/2022 17:59;500.294
10/11/2022 17:59;500.311
10/11/2022 17:59;500.331
10/11/2022 17:59;500.334
10/11/2022 17:59;500.317
10/11/2022 17:59;500.303
10/11/2022 17:59;500.297
10/11/2022 17:59;50.029
10/11/2022 17:59;500.273
10/11/2022 17:59;500.264
10/11/2022 17:59;500.249
10/11/2022 17:59;500.221
10/11/2022 17:59;500.196
10/11/2022 17:59;500.188
10/11/2022 17:59;50.019
10/11/2022 17:59;500.191
10/11/2022 17:59;500.209
10/11/2022 17:59;500.234
10/11/2022 17:59;500.266
10/11/2022 17:59;500.279
10/11/2022 17:59;500.298
10/11/2022 17:59;500.317
10/11/2022 17:59;500.324
10/11/2022 17:59;50.032
10/11/2022 17:59;500.287
10/11/2022 17:59;500.259
10/11/2022 17:59;50.024
10/11/2022 17:59;500.265
10/11/2022 17:59;500.276
10/11/2022 17:59;50.025
10/11/2022 17:59;500.231
10/11/2022 17:59;500.229
10/11/2022 17:59;500.243
10/11/2022 18:00;500.306
10/11/2022 18:00;500.293
10/11/2022 18:00;500.271
10/11/2022 18:00;500.275
10/11/2022 18:00;500.342
10/11/2022 18:00;500.396
10/11/2022 18:00;500.364
10/11/2022 18:00;500.327
10/11/2022 18:00;500.306
10/11/2022 18:00;50.032
10/11/2022 18:00;50.033
10/11/2022 18:00;500.329
10/11/2022 18:00;500.316
10/11/2022 18:00;500.287
10/11/2022 18:00;500.259
10/11/2022 18:00;500.242
10/11/2022 18:00;50.025
10/11/2022 18:00;500.272
10/11/2022 18:00;500.301
10/11/2022 18:00;500.309
10/11/2022 18:00;500.321
10/11/2022 18:00;500.339
10/11/2022 18:00;500.353
10/11/2022 18:00;500.347
10/11/2022 18:00;500.328
10/11/2022 18:00;50.032
10/11/2022 18:00;500.314
10/11/2022 18:00;500.298
10/11/2022 18:00;500.287
10/11/2022 18:00;50.028
10/11/2022 18:00;500.271
10/11/2022 18:00;500.259
10/11/2022 18:00;500.261
10/11/2022 18:00;500.281
10/11/2022 18:00;500.308
10/11/2022 18:00;500.328
10/11/2022 18:00;500.354
10/11/2022 18:00;500.379
10/11/2022 18:00;500.383
10/11/2022 18:00;500.364
10/11/2022 18:00;500.357
10/11/2022 18:00;500.349
10/11/2022 18:00;500.335
10/11/2022 18:00;50.033
10/11/2022 18:00;500.319
10/11/2022 18:00;500.305
10/11/2022 18:00;500.308
10/11/2022 18:00;500.321
10/11/2022 18:00;500.342
10/11/2022 18:00;500.343
10/11/2022 18:00;500.374
10/11/2022 18:00;500.408
10/11/2022 18:00;500.388
10/11/2022 18:00;50.036
10/11/2022 18:00;50.033
10/11/2022 18:00;500.301
10/11/2022 18:00;500.276
